company_id,company_name,industry,country,employees,annual_revenue,growth_rate,technology_spend,company_size
1,Company_0001,Finance,India,932,7852270.41,6.0,445893.44,Enterprise
2,Company_0002,Professional Services,Australia,3476,29686102.1,-1.25,1719398.47,Enterprise
3,Company_0003,Education,UAE,1648,33244005.48,23.05,2670902.47,Startup
4,Company_0004,Manufacturing,India,1327,26365326.61,8.61,1282871.93,Startup
5,Company_0005,SaaS,Germany,3132,30205566.77,28.9,3094473.44,Enterprise
6,Company_0006,Professional Services,United Kingdom,1042,25573772.64,10.14,2461344.57,Enterprise
7,Company_0007,Logistics,India,1595,31864465.34,-3.17,1827356.76,Small
8,Company_0008,Healthcare,United Kingdom,847,12249437.51,13.14,1593569.15,Medium
9,Company_0009,Finance,Singapore,1736,33666209.75,23.07,3771481.38,Enterprise
10,Company_0010,Telecommunications,New Zealand,2025,21825130.85,10.18,3246331.12,Medium
11,Company_0011,Logistics,India,478,5685244.63,-3.72,385768.67,Small
12,Company_0012,Energy,Germany,4666,106843232.87,7.59,11608799.3,Small
13,Company_0013,Professional Services,Canada,2189,22708063.08,24.8,2149937.53,Enterprise
14,Company_0014,Education,India,3291,46580615.04,34.89,2170647.78,Startup
15,Company_0015,Professional Services,India,918,9729241.63,1.4,1086345.19,Large
16,Company_0016,Telecommunications,Australia,3146,57037304.93,13.72,3431917.21,Startup
17,Company_0017,Logistics,Canada,4418,91739428.02,25.74,6497083.24,Small
18,Company_0018,Telecommunications,Singapore,3736,30094116.52,23.88,3501801.96,Enterprise
19,Company_0019,Professional Services,New Zealand,891,20313744.78,6.94,2166947.18,Small
20,Company_0020,Telecommunications,Australia,3083,64627953.54,16.58,7977362.91,Enterprise
21,Company_0021,Logistics,New Zealand,2675,43619344.57,-0.53,3208538.32,Startup
22,Company_0022,Education,India,1993,45691843.23,32.88,1840394.99,Enterprise
23,Company_0023,Logistics,Canada,1050,10691787.64,14.01,1026159.62,Small
24,Company_0024,Energy,United Kingdom,4437,92464898.52,22.59,10684677.49,Large
25,Company_0025,SaaS,New Zealand,4259,66760951.1,4.92,2515760.1,Enterprise
26,Company_0026,Finance,Australia,1824,14814973.54,23.31,549114.8,Medium
27,Company_0027,Telecommunications,Singapore,600,10044392.42,6.14,886415.02,Enterprise
28,Company_0028,Retail,India,4740,76007831.3,26.38,9645366.41,Startup
29,Company_0029,SaaS,India,3551,49795881.2,11.44,6655737.89,Startup
30,Company_0030,Retail,New Zealand,3318,67619615.67,27.02,2915236.07,Enterprise
31,Company_0031,Finance,Germany,3695,38365550.99,2.34,3280844.22,Enterprise
32,Company_0032,Finance,New Zealand,822,7282921.32,34.97,949134.41,Small
33,Company_0033,SaaS,Singapore,3349,54441006.2,3.55,4253194.63,Large
34,Company_0034,Education,UAE,37,915759.26,5.61,113635.17,Large
35,Company_0035,Retail,Australia,4572,88019285.85,14.47,4646339.53,Enterprise
36,Company_0036,Education,Singapore,4461,40310839.35,7.54,1451878.74,Startup
37,Company_0037,Retail,Canada,4180,39132720.72,2.43,3968222.74,Startup
38,Company_0038,Energy,United Kingdom,4686,57102007.04,18.78,5957211.49,Medium
39,Company_0039,Healthcare,UAE,1693,32819383.28,7.57,2030658.04,Large
40,Company_0040,Professional Services,India,2610,62100543.38,32.43,1932435.69,Startup
41,Company_0041,Finance,New Zealand,4424,51422909.52,5.61,7301596.79,Medium
42,Company_0042,Professional Services,Australia,2354,25144712.74,28.35,2877178.5,Enterprise
43,Company_0043,Logistics,India,2472,58932115.8,-0.86,7977949.07,Startup
44,Company_0044,Manufacturing,New Zealand,4552,48445181.05,6.27,2677834.44,Medium
45,Company_0045,Finance,Canada,4160,67828972.58,31.21,8921710.65,Medium
46,Company_0046,Logistics,Singapore,381,3070965.43,25.84,326915.34,Large
47,Company_0047,Healthcare,Australia,4539,90763417.19,17.44,3941389.2,Medium
48,Company_0048,Manufacturing,Australia,4791,83329511.55,12.19,2918154.74,Medium
49,Company_0049,Telecommunications,Canada,1740,34095532.64,21.68,2469929.35,Enterprise
50,Company_0050,Healthcare,Canada,1286,30527048.69,4.47,1511095.38,Startup
51,Company_0051,Retail,UAE,1489,30556656.47,8.29,4329814.25,Small
52,Company_0052,Retail,Germany,905,13125404.4,-3.45,1135121.76,Medium
53,Company_0053,Retail,Canada,2520,55311778.56,29.85,3138989.1,Medium
54,Company_0054,Telecommunications,Canada,2302,52241588.03,33.68,3317079.59,Enterprise
55,Company_0055,Healthcare,UAE,2732,65477929.75,-0.39,9589116.66,Startup
56,Company_0056,Energy,India,908,16472673.89,8.83,2048729.21,Large
57,Company_0057,Telecommunications,New Zealand,4743,53270241.67,-3.22,4385573.96,Medium
58,Company_0058,Manufacturing,India,3553,32650488.17,21.57,2273257.73,Medium
59,Company_0059,Logistics,Singapore,4174,55338221.06,11.34,4332321.22,Small
60,Company_0060,Healthcare,UAE,3464,66868364.52,10.17,8009235.07,Large
61,Company_0061,Professional Services,United Kingdom,4508,99957362.07,7.15,5519837.67,Large
62,Company_0062,Healthcare,India,3639,56465331.66,3.55,4900193.74,Medium
63,Company_0063,Retail,UAE,4242,81809155.55,19.77,3371066.02,Small
64,Company_0064,Professional Services,India,1651,17343783.66,-3.15,2568134.33,Large
65,Company_0065,Energy,Germany,3415,78764678.25,18.03,9152574.54,Large
66,Company_0066,Finance,Canada,2018,21206582.56,22.5,2907829.19,Small
67,Company_0067,Telecommunications,New Zealand,1460,31638006.63,22.84,2712832.08,Startup
68,Company_0068,Telecommunications,United Kingdom,3759,38592768.86,13.59,3617525.08,Large
69,Company_0069,Healthcare,Germany,4155,63382833.36,31.27,5293077.18,Large
70,Company_0070,Telecommunications,Germany,2143,44531980.11,28.59,2817866.24,Small
71,Company_0071,Manufacturing,United Kingdom,2269,35119205.54,23.54,2041803.55,Enterprise
72,Company_0072,Retail,India,680,7039604.15,4.25,797403.96,Large
73,Company_0073,Energy,Canada,3359,45766320.07,13.64,1714950.29,Enterprise
74,Company_0074,SaaS,United Kingdom,180,4061600.02,25.62,307242.67,Medium
75,Company_0075,Telecommunications,New Zealand,3214,72342689.12,33.14,5807855.84,Large
76,Company_0076,Energy,Singapore,1817,22966698.85,14.43,1760692.92,Large
77,Company_0077,Professional Services,Australia,1065,26275971.4,16.36,3647931.56,Startup
78,Company_0078,Energy,United Kingdom,3531,36393633.12,13.47,1311413.85,Small
79,Company_0079,Energy,UAE,3744,50755081.79,25.45,3831762.3,Startup
80,Company_0080,Manufacturing,New Zealand,3872,32251885.49,16.58,4837426.1,Startup
81,Company_0081,SaaS,Singapore,349,7266865.6,32.98,391853.24,Small
82,Company_0082,Education,UAE,1054,16917267.09,-0.42,2431533.05,Medium
83,Company_0083,Healthcare,UAE,1394,25510445.03,33.55,2964386.86,Startup
84,Company_0084,Energy,Canada,4760,40157898.19,7.48,4468838.15,Small
85,Company_0085,Logistics,India,642,11598156.06,28.22,685937.28,Enterprise
86,Company_0086,Telecommunications,United Kingdom,356,4949277.19,12.14,368565.27,Startup
87,Company_0087,Education,Singapore,3461,76071484.23,-0.78,11052768.88,Large
88,Company_0088,Telecommunications,Germany,1462,29933748.49,33.62,1868161.88,Large
89,Company_0089,Retail,India,3588,79070507.57,18.7,5430289.66,Medium
90,Company_0090,Energy,United Kingdom,3712,45084758.47,13.59,4654541.65,Startup
91,Company_0091,Logistics,United Kingdom,4069,91414960.55,2.27,5069360.14,Medium
92,Company_0092,Retail,India,4903,97668366.77,6.05,3049024.14,Small
93,Company_0093,Education,Germany,3349,54608202.55,25.33,6163798.24,Startup
94,Company_0094,Professional Services,United Kingdom,782,10167567.82,11.18,601885.65,Large
95,Company_0095,Manufacturing,United Kingdom,4554,77534914.07,12.02,9266372.22,Large
96,Company_0096,Manufacturing,India,2239,29582990.92,4.22,3448019.47,Enterprise
97,Company_0097,Professional Services,UAE,1536,17289517.89,24.54,1092350.97,Startup
98,Company_0098,Telecommunications,Singapore,1610,20988265.7,9.44,1390936.67,Medium
99,Company_0099,Healthcare,Germany,392,9628701.42,17.13,1094687.9,Startup
100,Company_0100,Healthcare,Australia,120,2131091.01,13.78,176574.22,Medium
101,Company_0101,Professional Services,Australia,3933,39091980.32,-2.39,3479561.03,Small
102,Company_0102,Retail,India,1242,27062453.8,32.97,1088498.14,Enterprise
103,Company_0103,Telecommunications,Canada,3429,62776074.84,26.63,3583412.56,Large
104,Company_0104,Professional Services,Australia,3646,47598541.86,18.54,3877357.24,Enterprise
105,Company_0105,Finance,Singapore,832,20058715.79,3.31,1109708.8,Small
106,Company_0106,Professional Services,Germany,1443,25084921.78,1.26,1982263.42,Medium
107,Company_0107,Education,India,287,3425372.55,23.28,391720.49,Small
108,Company_0108,Retail,Canada,2187,46786658.2,20.0,5115745.15,Startup
109,Company_0109,Healthcare,India,4481,52973309.49,0.96,3277771.02,Startup
110,Company_0110,Logistics,Germany,1379,29613591.48,18.8,3817453.61,Startup
111,Company_0111,Telecommunications,Germany,3859,76051342.26,22.99,10884555.48,Large
112,Company_0112,Professional Services,UAE,678,12316970.57,30.58,1455177.04,Startup
113,Company_0113,Professional Services,Australia,768,9132837.17,21.97,1217060.37,Medium
114,Company_0114,Education,UAE,4740,41161868.22,25.25,3558859.19,Small
115,Company_0115,Education,United Kingdom,4815,74199365.62,27.57,10854375.02,Large
116,Company_0116,Energy,Germany,2750,37009473.47,-0.82,1824529.38,Medium
117,Company_0117,Manufacturing,UAE,3300,72041054.55,17.0,6093168.21,Medium
118,Company_0118,SaaS,Germany,969,23733853.0,11.17,2177617.81,Large
119,Company_0119,Education,Australia,464,5191651.09,9.47,627012.2,Small
120,Company_0120,Education,India,2207,38262171.64,32.11,3159457.94,Startup
121,Company_0121,Energy,India,1980,39731289.89,7.43,1257135.19,Small
122,Company_0122,Education,UAE,949,15036538.88,-0.3,1952602.55,Enterprise
123,Company_0123,Education,Singapore,2259,34028075.64,14.3,2949089.92,Large
124,Company_0124,Finance,UAE,1581,37425050.27,15.33,5071811.02,Large
125,Company_0125,Logistics,UAE,2804,66965752.43,15.31,8602818.12,Enterprise
126,Company_0126,Telecommunications,Germany,4770,119160990.2,14.59,5699642.97,Medium
127,Company_0127,Manufacturing,New Zealand,2743,47680461.08,16.74,4035738.79,Small
128,Company_0128,Manufacturing,Germany,4704,68257412.85,29.24,5412335.82,Large
129,Company_0129,Healthcare,Germany,3182,78923267.02,26.7,8542834.38,Startup
130,Company_0130,Education,India,1054,17432052.83,18.61,2342241.0,Enterprise
131,Company_0131,Healthcare,India,3763,31085801.19,0.77,4181411.94,Large
132,Company_0132,Manufacturing,Canada,2191,30138390.28,22.71,3254355.39,Medium
133,Company_0133,Logistics,New Zealand,4017,91710163.88,-3.56,3504290.27,Startup
134,Company_0134,Finance,Germany,3575,88058475.43,25.41,10079780.66,Small
135,Company_0135,Logistics,United Kingdom,2473,57764850.99,-3.16,7251638.57,Medium
136,Company_0136,Healthcare,Singapore,3548,37164187.8,16.25,3638796.45,Small
137,Company_0137,Education,Singapore,666,12228666.01,10.3,1369318.93,Small
138,Company_0138,Education,UAE,3797,71552106.03,13.38,7872226.11,Enterprise
139,Company_0139,Logistics,Canada,1314,12161927.13,32.81,1806267.57,Medium
140,Company_0140,Education,India,3762,84156567.23,2.97,6409632.61,Small
141,Company_0141,Logistics,Australia,3144,55720124.06,17.99,8309154.58,Large
142,Company_0142,SaaS,Germany,2268,18456225.17,29.6,2277450.09,Medium
143,Company_0143,Professional Services,UAE,1905,34899799.97,9.09,3713134.39,Small
144,Company_0144,Education,Australia,815,19036658.32,20.85,1276825.72,Enterprise
145,Company_0145,Energy,Singapore,3008,61513949.09,-1.39,4023827.59,Small
146,Company_0146,Telecommunications,UAE,1102,23550531.0,30.06,1740452.62,Small
147,Company_0147,Logistics,United Kingdom,2125,50020018.45,32.77,7307228.87,Startup
148,Company_0148,Energy,United Kingdom,3856,93967581.13,0.63,13717389.86,Startup
149,Company_0149,Logistics,Canada,3252,26785478.93,16.46,2265363.76,Medium
150,Company_0150,Telecommunications,United Kingdom,907,17661304.85,13.86,1842879.88,Enterprise
151,Company_0151,Logistics,Canada,1833,34845495.83,20.42,2986680.78,Startup
152,Company_0152,Finance,India,1165,10218093.59,-3.51,1527720.3,Small
153,Company_0153,Telecommunications,Canada,4423,45584715.49,13.15,5035212.29,Enterprise
154,Company_0154,Professional Services,Canada,1285,29621864.11,21.2,3852121.11,Medium
155,Company_0155,Retail,United Kingdom,288,5683614.13,3.69,473805.98,Startup
156,Company_0156,Energy,UAE,3029,52268180.61,34.11,3817712.91,Small
157,Company_0157,Retail,Australia,1020,24615847.07,27.97,1009269.69,Startup
158,Company_0158,Finance,New Zealand,2752,33411127.28,0.04,3265916.21,Enterprise
159,Company_0159,Professional Services,Australia,1789,39039380.31,4.32,4798885.74,Medium
160,Company_0160,Finance,Australia,1205,29869496.83,16.61,3758229.64,Small
161,Company_0161,SaaS,Singapore,141,1986706.74,26.54,199986.57,Medium
162,Company_0162,Finance,Germany,449,4559547.96,11.84,198969.17,Large
163,Company_0163,Professional Services,Australia,2985,49924260.16,-0.64,4516180.66,Enterprise
164,Company_0164,Education,Canada,2490,39308939.96,33.56,1466186.07,Large
165,Company_0165,Finance,United Kingdom,904,14766451.75,31.39,573217.21,Enterprise
166,Company_0166,Telecommunications,United Kingdom,1235,11258998.49,6.0,1193107.14,Large
167,Company_0167,Finance,India,4913,83616637.62,13.15,8583349.44,Enterprise
168,Company_0168,Education,Canada,1781,27269227.62,30.52,2172202.0,Large
169,Company_0169,Healthcare,Germany,798,10624030.92,7.5,643675.78,Startup
170,Company_0170,Manufacturing,Singapore,767,16981473.65,-1.27,706220.97,Enterprise
171,Company_0171,Finance,Canada,511,9182622.17,17.46,638720.4,Medium
172,Company_0172,Professional Services,UAE,3484,79287361.79,23.84,11592433.51,Medium
173,Company_0173,Retail,India,868,15471765.66,3.51,1683457.39,Medium
174,Company_0174,Energy,Australia,4576,65201309.25,25.5,6447887.91,Enterprise
175,Company_0175,Manufacturing,United Kingdom,2210,18767771.01,5.93,2280080.4,Startup
176,Company_0176,Healthcare,Australia,1506,34318225.01,17.65,2680051.63,Startup
177,Company_0177,Manufacturing,UAE,4365,50883935.36,11.79,3608053.55,Medium
178,Company_0178,Professional Services,Australia,4669,84676069.47,30.33,4121149.45,Startup
179,Company_0179,Energy,UAE,2249,34933538.35,11.96,3592883.71,Small
180,Company_0180,Professional Services,Germany,4217,41895463.34,12.2,2680872.95,Enterprise
181,Company_0181,SaaS,New Zealand,2546,22333754.29,10.81,2276233.79,Medium
182,Company_0182,Finance,Australia,1750,36828648.44,25.57,2384053.05,Large
183,Company_0183,Telecommunications,United Kingdom,3547,38970220.86,10.21,4459773.57,Startup
184,Company_0184,Finance,United Kingdom,3272,74110780.87,-3.31,2389997.42,Enterprise
185,Company_0185,Finance,Canada,3536,62756201.62,23.38,5028232.41,Startup
186,Company_0186,Manufacturing,India,2680,29270542.11,32.9,2494190.55,Large
187,Company_0187,Energy,UAE,887,10764969.12,18.55,999801.95,Medium
188,Company_0188,Finance,New Zealand,1835,25070075.68,1.73,2287844.82,Medium
189,Company_0189,Retail,India,2896,58978328.13,27.76,7537692.24,Small
190,Company_0190,Finance,Singapore,2116,24024261.29,19.1,2912361.15,Large
191,Company_0191,Professional Services,United Kingdom,3820,79553711.89,25.4,6672060.89,Medium
192,Company_0192,Logistics,Australia,1256,19437815.65,13.76,2055864.18,Medium
193,Company_0193,Manufacturing,UAE,4176,38674943.06,13.47,1334783.26,Startup
194,Company_0194,Telecommunications,Australia,759,14007453.24,15.28,1197993.03,Large
195,Company_0195,Healthcare,Australia,4703,89739056.34,7.86,7814071.71,Large
196,Company_0196,Finance,Singapore,867,18888839.83,28.5,2793400.06,Startup
197,Company_0197,Professional Services,Singapore,2049,41040586.83,34.64,3812187.32,Medium
198,Company_0198,Professional Services,Australia,3074,72561540.73,10.5,8920409.22,Medium
199,Company_0199,Logistics,Singapore,559,7605051.25,17.32,580932.41,Medium
200,Company_0200,Energy,Singapore,687,12301814.79,0.66,885466.11,Enterprise
201,Company_0201,Healthcare,India,714,9469704.95,10.07,1183707.77,Large
202,Company_0202,Retail,United Kingdom,4185,59222259.91,9.5,3057737.12,Large
203,Company_0203,Finance,Australia,1592,18867161.01,0.5,740721.16,Medium
204,Company_0204,Professional Services,Singapore,1093,19841436.12,1.17,1025832.33,Large
205,Company_0205,Education,UAE,377,5649192.84,22.05,330498.25,Large
206,Company_0206,Education,New Zealand,1936,33063374.96,7.38,4200201.36,Medium
207,Company_0207,Energy,Canada,4692,116058855.69,13.47,7406018.25,Small
208,Company_0208,Education,United Kingdom,1655,35783428.27,0.54,2147019.49,Enterprise
209,Company_0209,Finance,Singapore,860,17280682.29,15.64,776962.5,Medium
210,Company_0210,Retail,Germany,3700,86543760.54,0.89,7139575.28,Medium
211,Company_0211,Energy,India,238,3582672.88,10.86,268253.99,Medium
212,Company_0212,Manufacturing,Singapore,1859,15762811.0,32.23,2060217.6,Small
213,Company_0213,Healthcare,Germany,333,4288024.27,28.19,486813.56,Large
214,Company_0214,Healthcare,Canada,63,1474173.37,-4.24,82374.7,Startup
215,Company_0215,Professional Services,Germany,2380,28654923.57,-0.13,1679543.6,Startup
216,Company_0216,Telecommunications,New Zealand,928,20623585.48,14.99,1945349.69,Small
217,Company_0217,Energy,Singapore,2406,36804729.21,19.59,2166610.08,Startup
218,Company_0218,Telecommunications,Australia,4308,105843796.3,-2.29,9856929.34,Large
219,Company_0219,SaaS,United Kingdom,3871,33832869.92,10.48,2530573.03,Startup
220,Company_0220,Professional Services,United Kingdom,2844,34409956.19,21.28,1460346.98,Small
221,Company_0221,Education,Germany,383,5357819.09,8.54,574012.49,Small
222,Company_0222,Logistics,New Zealand,1124,10197725.06,26.05,866006.61,Startup
223,Company_0223,Energy,Germany,1654,38138654.06,7.62,2563264.84,Medium
224,Company_0224,SaaS,United Kingdom,319,6637096.65,2.64,483425.55,Medium
225,Company_0225,Education,Canada,1039,22430785.01,12.48,1749659.84,Medium
226,Company_0226,Telecommunications,UAE,1550,25474955.02,14.9,3589860.76,Startup
227,Company_0227,Telecommunications,UAE,3497,32668131.58,19.1,4203766.32,Medium
228,Company_0228,Professional Services,Canada,860,8050607.48,21.44,537615.56,Small
229,Company_0229,Manufacturing,Canada,3656,51097348.14,-3.31,6867711.54,Medium
230,Company_0230,Healthcare,Australia,489,4535817.2,20.5,333824.06,Small
231,Company_0231,Retail,United Kingdom,4997,97578971.59,12.53,4405456.66,Medium
232,Company_0232,Education,United Kingdom,3156,76188809.49,-3.7,3688496.8,Medium
233,Company_0233,Energy,United Kingdom,3656,76675226.09,17.96,7171831.52,Medium
234,Company_0234,Telecommunications,Canada,2064,50214727.59,-3.96,2627524.08,Enterprise
235,Company_0235,Professional Services,UAE,984,12251000.25,5.41,1023605.05,Large
236,Company_0236,Education,India,1659,16730743.21,29.11,1409483.51,Medium
237,Company_0237,Logistics,Singapore,2866,57498231.6,17.0,3728385.08,Small
238,Company_0238,Healthcare,New Zealand,2981,49630214.9,-0.15,2685870.33,Large
239,Company_0239,Telecommunications,Singapore,235,3321781.62,17.89,285967.86,Enterprise
240,Company_0240,Education,Canada,726,6619463.12,10.93,768069.76,Large
241,Company_0241,Education,Germany,4729,43761041.06,33.9,4685959.88,Enterprise
242,Company_0242,Professional Services,Singapore,2842,28936358.38,28.16,2782416.43,Small
243,Company_0243,Telecommunications,Singapore,3564,58979511.09,29.73,7653588.13,Medium
244,Company_0244,Telecommunications,UAE,1368,14710703.61,32.39,839340.29,Startup
245,Company_0245,Logistics,India,2072,23490538.81,33.25,1478356.48,Enterprise
246,Company_0246,Professional Services,United Kingdom,1401,25303101.74,18.23,1278921.87,Enterprise
247,Company_0247,Professional Services,UAE,357,7864358.91,-3.87,278834.12,Small
248,Company_0248,Telecommunications,UAE,4706,70975775.87,20.56,6371109.8,Medium
249,Company_0249,Education,India,3976,48359787.74,27.29,3807419.44,Startup
250,Company_0250,Professional Services,Singapore,1314,20331907.66,14.37,1107738.48,Medium
251,Company_0251,Healthcare,United Kingdom,2635,53968478.02,29.43,7935789.2,Enterprise
252,Company_0252,Education,New Zealand,4621,45309491.27,4.67,2025453.38,Small
253,Company_0253,Energy,New Zealand,813,7203415.74,32.82,963094.25,Small
254,Company_0254,Healthcare,Germany,2702,64506943.02,23.85,3404682.4,Enterprise
255,Company_0255,Energy,Germany,3844,63344949.42,7.34,2076520.66,Small
256,Company_0256,Professional Services,Germany,1782,31927826.53,-3.05,2035806.36,Medium
257,Company_0257,Logistics,United Kingdom,4416,35941894.22,-0.7,1655921.9,Large
258,Company_0258,Manufacturing,UAE,3017,26456437.17,-2.95,2577333.83,Startup
259,Company_0259,Professional Services,India,3184,52766343.28,25.58,3354170.77,Small
260,Company_0260,Manufacturing,Singapore,812,11933446.85,26.8,843578.17,Small
261,Company_0261,Healthcare,United Kingdom,4955,82525935.15,15.0,2924422.24,Large
262,Company_0262,Manufacturing,United Kingdom,4274,67395874.74,19.25,6191031.41,Small
263,Company_0263,Manufacturing,Germany,3239,80458274.36,24.57,5302853.69,Enterprise
264,Company_0264,Finance,Canada,2475,39781106.14,-4.33,2774682.48,Enterprise
265,Company_0265,SaaS,Germany,2540,54723872.87,24.01,6160005.78,Medium
266,Company_0266,Healthcare,Canada,4758,84786535.74,23.86,8480586.13,Small
267,Company_0267,SaaS,Germany,2004,17107544.25,32.93,738831.43,Medium
268,Company_0268,Professional Services,Germany,3450,36481443.29,22.62,2890982.52,Startup
269,Company_0269,Education,Canada,1151,19357074.4,17.44,2899200.87,Medium
270,Company_0270,Logistics,Germany,1438,22740934.7,16.33,2172959.67,Small
271,Company_0271,Logistics,UAE,2039,25983198.7,6.94,3715032.68,Small
272,Company_0272,Logistics,UAE,4025,53893512.98,8.95,7655252.58,Startup
273,Company_0273,Manufacturing,Singapore,4717,91993661.27,10.19,13580036.61,Medium
274,Company_0274,Education,UAE,364,4691856.55,23.57,335766.25,Large
275,Company_0275,Logistics,Singapore,1772,20263096.65,16.54,2876607.4,Startup
276,Company_0276,Retail,New Zealand,4827,58251247.05,-2.97,8074910.36,Startup
277,Company_0277,Healthcare,Australia,840,12621943.51,23.69,530946.96,Enterprise
278,Company_0278,Education,New Zealand,1313,19586581.23,32.4,2652178.9,Medium
279,Company_0279,Professional Services,New Zealand,2651,34070813.19,-2.63,4165054.67,Enterprise
280,Company_0280,Healthcare,Australia,325,7645594.23,2.0,1038802.28,Large
281,Company_0281,Logistics,Australia,4078,45540240.19,24.96,6133126.48,Startup
282,Company_0282,Logistics,Germany,2464,43502786.75,-0.71,6436640.42,Enterprise
283,Company_0283,Education,UAE,4315,70750945.59,32.54,9348122.12,Small
284,Company_0284,Healthcare,Australia,942,12831575.13,24.24,1383169.9,Medium
285,Company_0285,Energy,Canada,2436,43000955.98,25.29,2195602.57,Enterprise
286,Company_0286,Healthcare,Germany,2706,25638110.89,21.77,1337636.24,Medium
287,Company_0287,Logistics,United Kingdom,2052,16654261.92,10.34,1392433.9,Medium
288,Company_0288,Retail,Australia,4791,97204613.29,-4.54,10541063.07,Startup
289,Company_0289,Logistics,India,3832,50642592.34,11.22,4573150.49,Medium
290,Company_0290,Healthcare,Germany,3030,55899356.83,3.77,2572949.79,Enterprise
291,Company_0291,Telecommunications,New Zealand,3080,46413676.42,16.97,4014753.73,Small
292,Company_0292,Manufacturing,India,4900,111932150.37,-1.73,9358619.93,Enterprise
293,Company_0293,Professional Services,Singapore,939,8497843.71,16.91,770401.31,Small
294,Company_0294,Professional Services,Germany,2707,60978591.57,12.67,6807371.2,Startup
295,Company_0295,Energy,Germany,4200,65407464.22,-2.77,2997841.29,Enterprise
296,Company_0296,SaaS,Canada,492,8609779.77,21.91,576686.04,Medium
297,Company_0297,Manufacturing,India,44,909861.75,18.13,32240.75,Enterprise
298,Company_0298,SaaS,UAE,513,12254496.59,-2.24,1740788.83,Large
299,Company_0299,Energy,United Kingdom,1494,31482352.45,25.63,4640498.57,Large
300,Company_0300,Telecommunications,Singapore,3694,84162414.68,31.27,6318700.66,Medium
301,Company_0301,Retail,Australia,991,10934745.23,16.49,1021973.37,Startup
302,Company_0302,Energy,New Zealand,2464,39106307.41,23.76,3163518.96,Small
303,Company_0303,Finance,Australia,3793,52664725.87,6.03,7504156.94,Large
304,Company_0304,Education,Australia,148,1789516.4,-2.31,181230.23,Small
305,Company_0305,SaaS,Singapore,382,5668311.19,4.37,317835.28,Enterprise
306,Company_0306,Professional Services,United Kingdom,2389,28622001.7,31.66,2837391.77,Small
307,Company_0307,Energy,UAE,2492,57057807.56,34.43,5280707.31,Medium
308,Company_0308,Healthcare,Canada,519,9063923.96,18.67,1071586.52,Enterprise
309,Company_0309,Energy,United Kingdom,4080,35891880.96,8.78,3847535.27,Large
310,Company_0310,Education,New Zealand,3364,35445456.56,10.06,4272238.46,Small
311,Company_0311,SaaS,Canada,2483,56061673.22,0.77,4796806.02,Large
312,Company_0312,Manufacturing,India,4585,77990211.94,10.54,4726166.09,Large
313,Company_0313,Logistics,Canada,3059,29280405.21,23.98,1547697.63,Enterprise
314,Company_0314,Professional Services,New Zealand,4959,43005977.46,-2.09,5442753.68,Large
315,Company_0315,SaaS,New Zealand,1731,39434007.03,8.32,5711715.09,Small
316,Company_0316,Professional Services,New Zealand,981,20303704.88,25.17,2837096.69,Large
317,Company_0317,Telecommunications,United Kingdom,1980,34422988.99,26.02,2605111.47,Medium
318,Company_0318,Education,United Kingdom,2162,30514378.29,30.31,2621810.27,Small
319,Company_0319,Healthcare,Australia,3056,40704924.72,-3.17,5441848.75,Medium
320,Company_0320,Healthcare,New Zealand,4552,108751332.44,18.17,8712000.6,Medium
321,Company_0321,Manufacturing,UAE,1904,27526653.83,28.33,2475091.5,Large
322,Company_0322,Healthcare,Germany,4038,63938067.43,24.31,4620237.65,Small
323,Company_0323,Finance,Australia,4461,110791166.37,33.29,10289544.54,Startup
324,Company_0324,Healthcare,Australia,3398,35126335.75,20.23,1340285.84,Small
325,Company_0325,Professional Services,Germany,4162,65560507.41,-2.58,6983992.43,Large
326,Company_0326,Telecommunications,UAE,148,1200636.69,17.07,37726.55,Enterprise
327,Company_0327,Healthcare,India,2368,19634092.41,27.53,2177105.8,Startup
328,Company_0328,Manufacturing,UAE,4315,45442375.07,2.68,4234080.49,Large
329,Company_0329,Retail,UAE,667,9566031.9,11.24,935560.43,Startup
330,Company_0330,SaaS,Australia,279,2675472.9,10.17,257712.71,Small
331,Company_0331,Professional Services,India,697,11498822.1,12.36,1427293.1,Enterprise
332,Company_0332,Professional Services,Germany,368,4381419.21,31.05,495426.9,Medium
333,Company_0333,Telecommunications,Australia,401,9507993.72,22.38,605133.99,Small
334,Company_0334,Energy,India,2596,21459023.06,3.29,1015075.9,Medium
335,Company_0335,Telecommunications,United Kingdom,1350,23742840.68,17.67,3132466.36,Large
336,Company_0336,Manufacturing,Australia,1166,24997253.05,22.57,985174.81,Startup
337,Company_0337,Professional Services,Canada,3600,43007213.07,-1.96,4413410.92,Medium
338,Company_0338,Retail,United Kingdom,262,4920383.61,26.34,413637.08,Enterprise
339,Company_0339,Finance,UAE,3095,47481679.69,22.19,5188827.82,Small
340,Company_0340,Healthcare,Canada,622,5843469.91,1.17,674343.78,Medium
341,Company_0341,Manufacturing,UAE,2974,29179001.3,-4.79,1954762.42,Startup
342,Company_0342,Telecommunications,Canada,1105,10479878.51,12.24,1014852.61,Startup
343,Company_0343,Manufacturing,Canada,235,2238027.27,17.17,227452.83,Startup
344,Company_0344,Telecommunications,New Zealand,2410,36233798.56,26.17,4238675.46,Enterprise
345,Company_0345,Logistics,UAE,4288,46665916.78,10.23,2177469.34,Large
346,Company_0346,Education,India,1215,11026782.99,12.39,888011.98,Medium
347,Company_0347,Professional Services,New Zealand,2081,50051752.15,23.84,4479446.25,Large
348,Company_0348,Professional Services,Canada,896,9231776.46,-4.73,715306.08,Medium
349,Company_0349,Professional Services,Singapore,3626,49641810.3,27.62,6609361.06,Medium
350,Company_0350,Healthcare,Canada,2646,48301649.27,22.81,4225484.75,Medium
351,Company_0351,Retail,United Kingdom,2407,49326324.16,20.32,7208133.2,Large
352,Company_0352,Professional Services,New Zealand,2316,50675022.06,10.72,2212802.82,Enterprise
353,Company_0353,Education,New Zealand,4489,49642785.38,25.7,1649626.43,Large
354,Company_0354,Energy,Germany,2406,53249088.54,-2.23,7014744.8,Small
355,Company_0355,Energy,India,2500,30285899.63,21.35,3507966.3,Large
356,Company_0356,Energy,Australia,4918,79410896.31,11.03,7209994.58,Medium
357,Company_0357,Retail,United Kingdom,4418,79943440.67,31.58,3447507.4,Small
358,Company_0358,Manufacturing,Canada,382,6713552.58,20.8,722440.24,Startup
359,Company_0359,Telecommunications,New Zealand,106,1025689.02,3.88,122695.34,Large
360,Company_0360,Telecommunications,Singapore,3084,45178382.2,25.89,4546336.51,Medium
361,Company_0361,Finance,India,221,3581770.96,6.82,503115.98,Small
362,Company_0362,Education,United Kingdom,2873,38217036.29,13.21,2095213.82,Large
363,Company_0363,Logistics,Australia,819,12652584.36,22.87,863781.01,Startup
364,Company_0364,Healthcare,New Zealand,205,4599392.33,20.92,511713.3,Enterprise
365,Company_0365,Education,New Zealand,1449,25187206.17,8.24,2044302.61,Large
366,Company_0366,Professional Services,New Zealand,1531,17099092.5,21.29,1324664.74,Large
367,Company_0367,Logistics,India,4871,74537982.11,-4.82,4157395.65,Enterprise
368,Company_0368,Retail,Germany,853,18417583.68,16.48,1360970.36,Startup
369,Company_0369,Manufacturing,Canada,2169,42082773.76,14.58,6140296.17,Enterprise
370,Company_0370,Professional Services,Singapore,3235,58162324.28,8.92,7646143.4,Medium
371,Company_0371,Logistics,India,4854,45825562.95,0.36,2022896.08,Small
372,Company_0372,Healthcare,Canada,3078,60908760.48,15.43,4884193.88,Large
373,Company_0373,Healthcare,Singapore,1541,25077299.64,16.5,3518328.08,Large
374,Company_0374,SaaS,United Kingdom,2386,24778708.06,7.58,2084387.81,Startup
375,Company_0375,Telecommunications,Germany,3989,41170828.61,27.61,5996921.93,Large
376,Company_0376,Finance,Australia,4048,60986024.03,28.6,5406041.54,Small
377,Company_0377,Education,Germany,2412,20636629.34,3.99,1333960.74,Enterprise
378,Company_0378,Manufacturing,Australia,4204,41722963.41,-0.43,5132490.4,Large
379,Company_0379,Retail,UAE,4495,52659881.96,12.01,6230645.81,Startup
380,Company_0380,Finance,New Zealand,3704,46180949.07,29.49,1867463.4,Small
381,Company_0381,Energy,Singapore,4836,95343050.46,29.44,9842398.13,Enterprise
382,Company_0382,Professional Services,United Kingdom,1160,24757228.39,27.54,3135573.76,Enterprise
383,Company_0383,Logistics,UAE,2322,42136360.29,1.74,6214271.21,Enterprise
384,Company_0384,Finance,Singapore,2210,53461568.27,15.58,7378692.66,Large
385,Company_0385,Healthcare,New Zealand,505,12560494.25,29.68,568068.2,Small
386,Company_0386,Education,Singapore,2658,58699778.74,25.46,6524371.6,Enterprise
387,Company_0387,Finance,Canada,2221,41472328.67,10.01,1619990.15,Enterprise
388,Company_0388,Education,United Kingdom,2299,45543101.41,30.09,3851283.05,Enterprise
389,Company_0389,Education,United Kingdom,40,910857.28,28.89,37506.37,Startup
390,Company_0390,Education,UAE,4398,64919624.6,33.73,8373444.69,Medium
391,Company_0391,Education,United Kingdom,2343,32197125.59,18.12,3153291.61,Startup
392,Company_0392,Finance,Singapore,396,3838337.16,26.36,326833.69,Large
393,Company_0393,Healthcare,UAE,3759,30115194.05,33.32,1634598.07,Small
394,Company_0394,Healthcare,Australia,2264,21704469.32,9.42,865801.35,Large
395,Company_0395,Finance,India,2522,51302025.1,25.21,4181510.73,Startup
396,Company_0396,Education,Australia,1768,28474902.42,0.31,1627138.6,Startup
397,Company_0397,Healthcare,Germany,2834,62038678.7,34.53,5005136.17,Startup
398,Company_0398,Manufacturing,United Kingdom,1895,27500597.66,24.23,1163034.94,Medium
399,Company_0399,Healthcare,India,1143,16580652.72,27.53,2237387.9,Enterprise
400,Company_0400,Retail,Singapore,4634,37739623.22,21.0,3125291.05,Large
401,Company_0401,Finance,Canada,3644,82424958.47,-1.53,3466448.68,Medium
402,Company_0402,Finance,New Zealand,3537,47206791.06,0.59,2985174.25,Enterprise
403,Company_0403,SaaS,UAE,4943,89963261.09,19.3,11108335.86,Small
404,Company_0404,SaaS,New Zealand,4261,78051961.66,2.55,6010791.08,Large
405,Company_0405,Telecommunications,Australia,3181,31544839.04,14.98,3194595.44,Medium
406,Company_0406,Manufacturing,Singapore,2612,26756567.84,29.43,2627646.05,Large
407,Company_0407,SaaS,Australia,617,5111055.14,-2.3,314136.86,Large
408,Company_0408,Energy,Canada,4170,53669120.15,23.51,6550487.86,Startup
409,Company_0409,Finance,New Zealand,4415,75673722.9,1.11,3029343.9,Small
410,Company_0410,Finance,UAE,4414,59830688.73,18.46,7274627.71,Large
411,Company_0411,Education,Australia,1974,17735207.67,-1.55,1456735.03,Medium
412,Company_0412,Healthcare,Germany,1458,14624514.37,23.32,1669826.37,Medium
413,Company_0413,Manufacturing,Singapore,4304,72276160.94,27.9,4416769.84,Medium
414,Company_0414,Logistics,India,987,20839828.84,-3.83,2643593.59,Medium
415,Company_0415,SaaS,Germany,4743,88542599.85,14.85,8083392.66,Enterprise
416,Company_0416,Professional Services,India,1387,19765710.11,5.2,837049.95,Small
417,Company_0417,SaaS,Germany,4188,33686867.36,29.35,1060279.62,Medium
418,Company_0418,SaaS,Canada,3157,74643638.46,2.16,10841320.98,Small
419,Company_0419,Finance,United Kingdom,2656,32457579.25,31.63,2219845.79,Startup
420,Company_0420,Telecommunications,Australia,4132,80353091.65,-2.89,4562625.91,Large
421,Company_0421,Logistics,United Kingdom,584,13378769.01,29.64,1643224.53,Startup
422,Company_0422,Logistics,New Zealand,4550,71729316.71,9.76,4661789.49,Large
423,Company_0423,Retail,New Zealand,3036,54826352.54,14.73,6727938.63,Small
424,Company_0424,SaaS,United Kingdom,72,1717254.58,-4.04,163114.15,Startup
425,Company_0425,Telecommunications,New Zealand,3102,69587481.76,24.09,2955650.51,Large
426,Company_0426,Logistics,India,4050,98577591.44,33.9,4641507.97,Startup
427,Company_0427,Manufacturing,Germany,1916,44554447.54,15.79,5083735.05,Startup
428,Company_0428,Finance,Australia,4777,45977713.03,0.34,5903333.62,Large
429,Company_0429,Energy,United Kingdom,1090,13107380.24,5.44,888694.4,Medium
430,Company_0430,Professional Services,India,3728,47059475.33,-2.01,2556530.24,Small
431,Company_0431,Telecommunications,United Kingdom,885,9553021.58,13.64,752601.43,Small
432,Company_0432,Healthcare,UAE,3722,49283862.56,5.6,2187692.26,Enterprise
433,Company_0433,Retail,United Kingdom,350,4079373.7,29.26,194989.39,Large
434,Company_0434,Healthcare,Australia,4226,37324710.27,6.95,4792894.18,Large
435,Company_0435,Finance,Singapore,3724,64988320.74,17.0,2688374.02,Startup
436,Company_0436,Retail,Canada,117,1058660.01,26.24,59999.11,Medium
437,Company_0437,SaaS,India,708,12672849.27,5.35,1616164.04,Small
438,Company_0438,Manufacturing,India,3652,79460498.34,-1.32,10462806.34,Startup
439,Company_0439,Energy,Germany,3796,33635752.12,31.97,2757417.43,Startup
440,Company_0440,Healthcare,UAE,3155,61884124.79,1.91,3451025.94,Medium
441,Company_0441,Retail,UAE,3673,84545865.43,-3.61,8818234.02,Large
442,Company_0442,Energy,Singapore,3395,78109565.41,14.16,3165514.03,Large
443,Company_0443,Telecommunications,Australia,1653,31283178.62,26.89,1873791.41,Large
444,Company_0444,Professional Services,United Kingdom,2961,47833875.6,26.26,3409794.5,Large
445,Company_0445,Logistics,Australia,2235,24712104.12,7.76,1390857.09,Large
446,Company_0446,Healthcare,India,4357,61330696.93,18.36,3552976.53,Small
447,Company_0447,SaaS,New Zealand,1995,24999263.24,27.65,3501675.25,Enterprise
448,Company_0448,Healthcare,New Zealand,3201,44915403.8,28.57,5903074.69,Enterprise
449,Company_0449,SaaS,United Kingdom,2625,56977131.31,22.91,7958428.98,Enterprise
450,Company_0450,Education,UAE,4637,48297781.45,32.93,6298205.58,Small
451,Company_0451,SaaS,Germany,4037,34901413.59,-2.75,3566908.22,Startup
452,Company_0452,Healthcare,United Kingdom,2737,64604791.63,3.06,2949773.74,Startup
453,Company_0453,Finance,United Kingdom,199,2091709.76,23.19,98306.84,Startup
454,Company_0454,Manufacturing,UAE,3080,61529610.18,21.49,6172773.53,Medium
455,Company_0455,Education,United Kingdom,1137,27958410.92,24.29,2304449.82,Small
456,Company_0456,Retail,Singapore,4623,91491605.26,32.15,11385125.25,Large
457,Company_0457,SaaS,Canada,2533,51870557.55,6.78,2662256.09,Enterprise
458,Company_0458,Professional Services,New Zealand,285,3162186.11,7.73,401777.35,Enterprise
459,Company_0459,Retail,United Kingdom,872,20861459.85,0.63,2491717.79,Medium
460,Company_0460,Manufacturing,Germany,1395,26247169.26,33.52,3375370.66,Startup
461,Company_0461,Finance,Australia,2192,25349675.17,22.73,1826640.29,Startup
462,Company_0462,Energy,Germany,3181,49145630.58,11.79,2455345.84,Large
463,Company_0463,Professional Services,New Zealand,2897,50067134.38,-0.94,4382812.36,Small
464,Company_0464,Manufacturing,UAE,3716,34384369.56,28.83,2248360.7,Startup
465,Company_0465,Finance,India,627,8659333.62,30.52,426979.09,Medium
466,Company_0466,Energy,Singapore,4886,120927003.43,30.73,13851046.4,Enterprise
467,Company_0467,Retail,Canada,3576,38158652.83,-0.95,2085983.1,Enterprise
468,Company_0468,SaaS,Canada,4444,55592222.79,6.26,3252467.15,Enterprise
469,Company_0469,Energy,India,4522,100738975.21,1.14,7384113.55,Medium
470,Company_0470,Logistics,India,4936,79793316.49,-1.12,4375415.28,Large
471,Company_0471,Logistics,India,966,12791779.54,10.9,1134523.62,Enterprise
472,Company_0472,Education,Australia,3194,35590680.51,30.42,2645391.21,Medium
473,Company_0473,SaaS,Singapore,3622,57611478.59,4.05,3585014.78,Startup
474,Company_0474,Professional Services,New Zealand,722,13976764.77,27.33,1113646.23,Enterprise
475,Company_0475,Telecommunications,Germany,519,11570353.4,27.74,928357.13,Enterprise
476,Company_0476,SaaS,Singapore,1950,31388094.62,-1.84,4342017.58,Startup
477,Company_0477,Retail,Singapore,3698,40452209.5,34.37,5932712.36,Startup
478,Company_0478,Healthcare,UAE,3488,32550939.89,22.33,1765247.68,Medium
479,Company_0479,Logistics,Germany,568,5384336.97,17.25,518223.6,Startup
480,Company_0480,Healthcare,India,4833,81598217.34,11.78,6506077.83,Startup
481,Company_0481,Manufacturing,Canada,4629,98376710.84,26.43,13192024.95,Medium
482,Company_0482,Healthcare,UAE,3157,60397799.5,17.88,5240450.95,Large
483,Company_0483,Energy,United Kingdom,1198,22175167.25,22.23,1734239.73,Small
484,Company_0484,SaaS,United Kingdom,423,8746686.95,31.83,1203926.91,Medium
485,Company_0485,Finance,New Zealand,2567,32770047.6,14.66,3720774.82,Small
486,Company_0486,Logistics,Canada,2481,60937652.67,12.72,7866977.82,Enterprise
487,Company_0487,Education,United Kingdom,751,8407374.97,3.46,1083511.65,Startup
488,Company_0488,Energy,Singapore,4241,90992082.8,-2.38,10477586.18,Enterprise
489,Company_0489,SaaS,New Zealand,4678,39726131.32,2.71,5162474.01,Startup
490,Company_0490,Manufacturing,Germany,3759,33302889.78,9.42,1794798.39,Enterprise
491,Company_0491,Manufacturing,Germany,3271,61501233.25,-0.05,2070597.88,Enterprise
492,Company_0492,Manufacturing,United Kingdom,3674,40483522.37,29.82,4065583.23,Small
493,Company_0493,Energy,Australia,2138,44325741.39,22.55,2846081.62,Small
494,Company_0494,Retail,New Zealand,4707,100057227.58,3.57,5659449.84,Medium
495,Company_0495,SaaS,Germany,3374,56432785.01,29.59,8242380.86,Small
496,Company_0496,Logistics,UAE,1438,26199516.12,-4.66,1579486.38,Large
497,Company_0497,Logistics,Canada,3104,69768499.18,13.36,3919949.16,Enterprise
498,Company_0498,Manufacturing,UAE,858,6971171.7,34.98,1017639.48,Medium
499,Company_0499,Manufacturing,UAE,905,14651545.57,8.45,925655.2,Medium
500,Company_0500,SaaS,Canada,2467,27635633.45,15.69,1625977.02,Medium
