customer_id,company_id,contract_value,customer_since,products_purchased,satisfaction_score,renewal_status,expansion_potential
1,349,500000.0,2022-12-29,3,8.5,Renewed,Low
2,72,147417.16,2022-12-12,5,9.1,Pending,High
3,370,500000.0,2024-06-07,4,7.6,Pending,Low
4,14,474505.8,2024-12-29,2,8.9,Renewed,Medium
5,336,500000.0,2024-12-23,2,6.1,Renewed,High
6,255,500000.0,2023-12-07,3,6.5,Pending,Medium
7,152,170446.05,2022-04-04,3,9.8,Pending,Medium
8,133,500000.0,2022-10-02,3,10.0,Pending,Medium
9,465,346413.38,2022-12-04,4,6.1,Renewed,High
10,215,500000.0,2022-02-14,5,8.0,Renewed,Medium
11,208,500000.0,2022-03-18,4,9.5,Renewed,High
12,199,256723.43,2022-04-09,1,8.6,Renewed,High
13,378,500000.0,2024-05-03,4,7.5,At Risk,Medium
14,19,500000.0,2022-11-10,2,8.8,Renewed,Medium
15,299,500000.0,2022-07-26,5,7.1,At Risk,High
16,363,338494.97,2022-08-03,5,8.9,Renewed,Medium
17,293,123732.87,2022-08-06,4,6.8,Renewed,Medium
18,418,500000.0,2023-02-18,3,8.8,Renewed,High
19,98,242964.96,2024-10-13,2,8.8,Pending,Medium
20,176,500000.0,2022-01-27,1,9.6,At Risk,Low
21,372,500000.0,2022-07-04,5,6.3,Renewed,Medium
22,366,500000.0,2024-07-24,3,7.1,Renewed,High
23,114,500000.0,2022-03-22,3,7.4,Renewed,Low
24,352,500000.0,2022-07-14,1,6.0,Renewed,High
25,274,108599.74,2024-06-15,5,7.1,Renewed,Medium
26,327,500000.0,2023-01-10,1,7.6,Pending,Medium
27,402,500000.0,2024-09-06,4,8.6,Renewed,High
28,244,225080.58,2022-05-01,2,6.4,At Risk,Low
29,492,500000.0,2025-10-21,4,6.7,Pending,Medium
30,344,500000.0,2022-09-25,4,9.7,Renewed,Low
31,184,500000.0,2022-05-10,3,8.6,Renewed,High
32,260,500000.0,2025-10-03,3,8.1,At Risk,High
33,154,500000.0,2023-05-25,4,7.4,Pending,High
34,433,177702.91,2025-02-17,5,6.2,Renewed,Low
35,88,500000.0,2022-12-05,1,9.0,Renewed,High
36,431,221972.04,2023-07-24,1,8.0,At Risk,Low
37,337,500000.0,2023-04-27,1,7.8,At Risk,Low
38,449,500000.0,2024-10-17,4,7.3,Pending,High
39,286,361644.34,2024-04-24,1,8.2,Renewed,High
40,93,500000.0,2025-06-21,3,9.6,At Risk,High
41,151,500000.0,2024-07-23,3,7.5,Renewed,High
42,50,500000.0,2023-11-11,5,9.1,At Risk,Low
43,242,500000.0,2024-01-15,4,6.5,Renewed,High
44,66,500000.0,2025-07-21,3,8.2,Renewed,High
45,380,500000.0,2022-12-03,4,6.6,Pending,High
46,493,500000.0,2023-02-06,2,6.5,Pending,High
47,480,500000.0,2023-01-26,3,6.4,Pending,High
48,414,500000.0,2025-10-08,5,6.5,Pending,Low
49,287,500000.0,2024-10-29,2,9.9,Renewed,High
50,391,500000.0,2024-06-05,5,7.9,At Risk,High
51,94,383039.82,2022-12-22,2,6.4,At Risk,Medium
52,500,500000.0,2024-02-27,4,9.9,Renewed,Medium
53,172,500000.0,2023-12-04,3,7.8,Renewed,High
54,496,500000.0,2024-11-15,3,9.4,At Risk,Medium
55,46,118155.32,2025-02-07,2,6.8,At Risk,Medium
56,478,500000.0,2025-10-09,2,9.9,Renewed,Medium
57,182,500000.0,2023-12-23,5,7.9,At Risk,Low
58,115,500000.0,2024-12-29,3,9.5,Pending,High
59,382,500000.0,2022-02-21,4,6.6,Renewed,High
60,158,500000.0,2022-11-26,3,8.7,Renewed,High
61,216,500000.0,2023-08-28,2,9.0,Renewed,Medium
62,404,500000.0,2022-07-29,5,9.5,At Risk,High
63,170,500000.0,2025-02-23,4,7.0,Renewed,High
64,191,500000.0,2024-03-04,4,9.8,Renewed,High
65,134,500000.0,2023-05-30,2,8.5,Pending,High
66,300,500000.0,2025-08-19,3,9.0,At Risk,High
67,460,500000.0,2023-02-01,3,7.8,Renewed,High
68,238,500000.0,2024-11-18,1,7.5,Pending,Medium
69,61,500000.0,2022-09-24,2,8.3,Renewed,High
70,241,500000.0,2022-11-14,1,6.6,Renewed,High
71,28,500000.0,2025-07-04,5,9.4,Renewed,Low
72,325,500000.0,2025-01-31,3,6.3,Renewed,High
73,486,500000.0,2024-12-02,1,9.1,Renewed,Low
74,298,388751.92,2024-04-06,1,7.4,Renewed,Medium
75,318,500000.0,2023-08-25,2,9.8,At Risk,Low
76,37,500000.0,2025-08-22,1,6.5,Renewed,Low
77,458,62022.85,2025-08-08,5,9.7,Renewed,High
78,100,79494.07,2023-10-20,4,9.7,Renewed,Low
79,257,500000.0,2023-08-03,1,9.6,Renewed,Low
80,62,500000.0,2023-08-31,2,7.3,Renewed,High
81,463,500000.0,2025-01-06,5,6.0,Renewed,High
82,196,500000.0,2023-03-13,4,9.3,Renewed,Low
83,272,500000.0,2022-05-28,2,6.1,Renewed,High
84,153,500000.0,2022-04-22,2,9.2,At Risk,High
85,212,500000.0,2023-04-12,3,7.6,Pending,Low
86,430,500000.0,2022-02-04,4,8.7,At Risk,High
87,78,500000.0,2025-06-20,1,9.0,At Risk,High
88,71,500000.0,2022-05-29,3,9.7,Renewed,Medium
89,103,500000.0,2023-09-10,5,6.3,Pending,Low
90,481,500000.0,2025-09-15,1,7.9,At Risk,High
91,210,500000.0,2024-03-11,5,7.2,Renewed,Medium
92,292,500000.0,2025-08-19,3,9.8,Renewed,High
93,235,182900.16,2022-01-11,5,8.4,At Risk,High
94,74,90117.34,2023-12-06,2,7.7,At Risk,High
95,162,74950.64,2023-03-29,5,9.3,Renewed,High
96,367,500000.0,2025-03-07,1,9.4,At Risk,Low
97,461,500000.0,2022-05-30,3,8.7,Renewed,High
98,399,296739.03,2025-04-04,4,9.8,Renewed,High
99,42,500000.0,2023-04-26,1,7.1,Renewed,High
100,250,461766.85,2024-07-11,3,8.5,Renewed,High
