company_id,company_name,industry,country,company_size,employees,annual_revenue,growth_rate,technology_spend,icp_fit_score,market_opportunity_score,target_account_score,account_priority
339,Company_0339,Finance,UAE,Small,3095,47481679.69,22.19,5188827.82,85.38,67.91,78.39,"Tier 2 - Medium Priority"
227,Company_0227,Telecommunications,UAE,Medium,3497,32668131.58,19.10,4203766.32,83.70,67.91,77.38,"Tier 2 - Medium Priority"
482,Company_0482,Healthcare,UAE,Large,3157,60397799.50,17.88,5240450.95,82.78,67.91,76.83,"Tier 2 - Medium Priority"
156,Company_0156,Energy,UAE,Small,3029,52268180.61,34.11,3817712.91,82.61,67.91,76.73,"Tier 2 - Medium Priority"
237,Company_0237,Logistics,Singapore,Small,2866,57498231.60,17.00,3728385.08,90.11,55.65,76.33,"Tier 2 - Medium Priority"
79,Company_0079,Energy,UAE,Startup,3744,50755081.79,25.45,3831762.30,81.89,67.91,76.30,"Tier 2 - Medium Priority"
177,Company_0177,Manufacturing,UAE,Medium,4365,50883935.36,11.79,3608053.55,80.88,67.91,75.69,"Tier 2 - Medium Priority"
127,Company_0127,Manufacturing,"New Zealand",Small,2743,47680461.08,16.74,4035738.79,95.71,44.75,75.33,"Tier 2 - Medium Priority"
104,Company_0104,"Professional Services",Australia,Enterprise,3646,47598541.86,18.54,3877357.24,88.73,55.02,75.25,"Tier 2 - Medium Priority"
179,Company_0179,Energy,UAE,Small,2249,34933538.35,11.96,3592883.71,80.06,67.91,75.20,"Tier 2 - Medium Priority"
291,Company_0291,Telecommunications,"New Zealand",Small,3080,46413676.42,16.97,4014753.73,95.50,44.75,75.20,"Tier 2 - Medium Priority"
360,Company_0360,Telecommunications,Singapore,Medium,3084,45178382.20,25.89,4546336.51,86.77,55.65,74.32,"Tier 2 - Medium Priority"
124,Company_0124,Finance,UAE,Large,1581,37425050.27,15.33,5071811.02,78.31,67.91,74.15,"Tier 2 - Medium Priority"
16,Company_0016,Telecommunications,Australia,Startup,3146,57037304.93,13.72,3431917.21,86.05,55.02,73.64,"Tier 2 - Medium Priority"
136,Company_0136,Healthcare,Singapore,Small,3548,37164187.80,16.25,3638796.45,85.51,55.65,73.57,"Tier 2 - Medium Priority"
454,Company_0454,Manufacturing,UAE,Medium,3080,61529610.18,21.49,6172773.53,76.55,67.91,73.09,"Tier 2 - Medium Priority"
117,Company_0117,Manufacturing,UAE,Medium,3300,72041054.55,17.00,6093168.21,76.26,67.91,72.92,"Tier 2 - Medium Priority"
125,Company_0125,Logistics,UAE,Enterprise,2804,66965752.43,15.31,8602818.12,76.09,67.91,72.82,"Tier 2 - Medium Priority"
307,Company_0307,Energy,UAE,Medium,2492,57057807.56,34.43,5280707.31,74.36,67.91,71.78,"Tier 2 - Medium Priority"
143,Company_0143,"Professional Services",UAE,Small,1905,34899799.97,9.09,3713134.39,74.17,67.91,71.67,"Tier 2 - Medium Priority"
328,Company_0328,Manufacturing,UAE,Large,4315,45442375.07,2.68,4234080.49,73.96,67.91,71.54,"Tier 2 - Medium Priority"
405,Company_0405,Telecommunications,Australia,Medium,3181,31544839.04,14.98,3194595.44,82.37,55.02,71.43,"Tier 2 - Medium Priority"
379,Company_0379,Retail,UAE,Startup,4495,52659881.96,12.01,6230645.81,73.66,67.91,71.36,"Tier 2 - Medium Priority"
59,Company_0059,Logistics,Singapore,Small,4174,55338221.06,11.34,4332321.22,81.67,55.65,71.26,"Tier 2 - Medium Priority"
226,Company_0226,Telecommunications,UAE,Startup,1550,25474955.02,14.90,3589860.76,72.71,67.91,70.79,"Tier 2 - Medium Priority"
395,Company_0395,Finance,India,Startup,2522,51302025.10,25.21,4181510.73,86.33,47.42,70.77,"Tier 2 - Medium Priority"
350,Company_0350,Healthcare,Canada,Medium,2646,48301649.27,22.81,4225484.75,89.78,40.66,70.13,"Tier 2 - Medium Priority"
63,Company_0063,Retail,UAE,Small,4242,81809155.55,19.77,3371066.02,71.06,67.91,69.80,"Tier 2 - Medium Priority"
345,Company_0345,Logistics,UAE,Large,4288,46665916.78,10.23,2177469.34,70.82,67.91,69.66,"Tier 2 - Medium Priority"
485,Company_0485,Finance,"New Zealand",Small,2567,32770047.60,14.66,3720774.82,86.11,44.75,69.57,"Tier 2 - Medium Priority"
123,Company_0123,Education,Singapore,Large,2259,34028075.64,14.30,2949089.92,78.05,55.65,69.09,"Tier 2 - Medium Priority"
289,Company_0289,Logistics,India,Medium,3832,50642592.34,11.22,4573150.49,83.49,47.42,69.06,"Tier 2 - Medium Priority"
442,Company_0442,Energy,Singapore,Large,3395,78109565.41,14.16,3165514.03,77.53,55.65,68.78,"Tier 2 - Medium Priority"
410,Company_0410,Finance,UAE,Large,4414,59830688.73,18.46,7274627.71,69.32,67.91,68.76,"Tier 2 - Medium Priority"
384,Company_0384,Finance,Singapore,Large,2210,53461568.27,15.58,7378692.66,77.35,55.65,68.67,"Tier 2 - Medium Priority"
90,Company_0090,Energy,"United Kingdom",Startup,3712,45084758.47,13.59,4654541.65,88.10,39.49,68.66,"Tier 2 - Medium Priority"
440,Company_0440,Healthcare,UAE,Medium,3155,61884124.79,1.91,3451025.94,69.08,67.91,68.61,"Tier 2 - Medium Priority"
51,Company_0051,Retail,UAE,Small,1489,30556656.47,8.29,4329814.25,68.89,67.91,68.50,"Tier 2 - Medium Priority"
450,Company_0450,Education,UAE,Small,4637,48297781.45,32.93,6298205.58,68.53,67.91,68.28,"Tier 2 - Medium Priority"
33,Company_0033,SaaS,Singapore,Large,3349,54441006.20,3.55,4253194.63,76.61,55.65,68.23,"Tier 2 - Medium Priority"
138,Company_0138,Education,UAE,Enterprise,3797,71552106.03,13.38,7872226.11,68.42,67.91,68.22,"Tier 2 - Medium Priority"
197,Company_0197,"Professional Services",Singapore,Medium,2049,41040586.83,34.64,3812187.32,76.39,55.65,68.09,"Tier 2 - Medium Priority"
271,Company_0271,Logistics,UAE,Small,2039,25983198.70,6.94,3715032.68,67.73,67.91,67.80,"Tier 2 - Medium Priority"
497,Company_0497,Logistics,Canada,Enterprise,3104,69768499.18,13.36,3919949.16,85.71,40.66,67.69,"Tier 2 - Medium Priority"
249,Company_0249,Education,India,Startup,3976,48359787.74,27.29,3807419.44,80.91,47.42,67.51,"Tier 2 - Medium Priority"
310,Company_0310,Education,"New Zealand",Small,3364,35445456.56,10.06,4272238.46,82.68,44.75,67.51,"Tier 2 - Medium Priority"
259,Company_0259,"Professional Services",India,Small,3184,52766343.28,25.58,3354170.77,80.87,47.42,67.49,"Tier 2 - Medium Priority"
423,Company_0423,Retail,"New Zealand",Small,3036,54826352.54,14.73,6727938.63,82.57,44.75,67.44,"Tier 2 - Medium Priority"
141,Company_0141,Logistics,Australia,Large,3144,55720124.06,17.99,8309154.58,75.64,55.02,67.39,"Tier 2 - Medium Priority"
60,Company_0060,Healthcare,UAE,Large,3464,66868364.52,10.17,8009235.07,66.91,67.91,67.31,"Tier 2 - Medium Priority"
20,Company_0020,Telecommunications,Australia,Enterprise,3083,64627953.54,16.58,7977362.91,75.29,55.02,67.18,"Tier 2 - Medium Priority"
435,Company_0435,Finance,Singapore,Startup,3724,64988320.74,17.00,2688374.02,74.66,55.65,67.06,"Tier 2 - Medium Priority"
347,Company_0347,"Professional Services","New Zealand",Large,2081,50051752.15,23.84,4479446.25,81.79,44.75,66.97,"Tier 2 - Medium Priority"
47,Company_0047,Healthcare,Australia,Medium,4539,90763417.19,17.44,3941389.20,74.76,55.02,66.86,"Tier 2 - Medium Priority"
281,Company_0281,Logistics,Australia,Startup,4078,45540240.19,24.96,6133126.48,74.66,55.02,66.80,"Tier 2 - Medium Priority"
432,Company_0432,Healthcare,UAE,Enterprise,3722,49283862.56,5.60,2187692.26,66.06,67.91,66.80,"Tier 2 - Medium Priority"
248,Company_0248,Telecommunications,UAE,Medium,4706,70975775.87,20.56,6371109.80,65.99,67.91,66.76,"Tier 2 - Medium Priority"
444,Company_0444,"Professional Services","United Kingdom",Large,2961,47833875.60,26.26,3409794.50,84.93,39.49,66.75,"Tier 2 - Medium Priority"
35,Company_0035,Retail,Australia,Enterprise,4572,88019285.85,14.47,4646339.53,74.55,55.02,66.74,"Tier 2 - Medium Priority"
386,Company_0386,Education,Singapore,Enterprise,2658,58699778.74,25.46,6524371.60,73.89,55.65,66.59,"Tier 2 - Medium Priority"
9,Company_0009,Finance,Singapore,Enterprise,1736,33666209.75,23.07,3771481.38,73.83,55.65,66.56,"Tier 2 - Medium Priority"
18,Company_0018,Telecommunications,Singapore,Enterprise,3736,30094116.52,23.88,3501801.96,73.68,55.65,66.47,"Tier 2 - Medium Priority"
163,Company_0163,"Professional Services",Australia,Enterprise,2985,49924260.16,-0.64,4516180.66,73.98,55.02,66.40,"Tier 2 - Medium Priority"
193,Company_0193,Manufacturing,UAE,Startup,4176,38674943.06,13.47,1334783.26,65.36,67.91,66.38,"Tier 2 - Medium Priority"
108,Company_0108,Retail,Canada,Startup,2187,46786658.20,20.00,5115745.15,83.34,40.66,66.27,"Tier 2 - Medium Priority"
383,Company_0383,Logistics,UAE,Enterprise,2322,42136360.29,1.74,6214271.21,65.11,67.91,66.23,"Tier 2 - Medium Priority"
68,Company_0068,Telecommunications,"United Kingdom",Large,3759,38592768.86,13.59,3617525.08,83.94,39.49,66.16,"Tier 2 - Medium Priority"
400,Company_0400,Retail,Singapore,Large,4634,37739623.22,21.00,3125291.05,73.09,55.65,66.11,"Tier 2 - Medium Priority"
3,Company_0003,Education,UAE,Startup,1648,33244005.48,23.05,2670902.47,64.87,67.91,66.09,"Tier 2 - Medium Priority"
464,Company_0464,Manufacturing,UAE,Startup,3716,34384369.56,28.83,2248360.70,64.80,67.91,66.04,"Tier 2 - Medium Priority"
80,Company_0080,Manufacturing,"New Zealand",Startup,3872,32251885.49,16.58,4837426.10,80.05,44.75,65.93,"Tier 2 - Medium Priority"
446,Company_0446,Healthcare,India,Small,4357,61330696.93,18.36,3552976.53,77.86,47.42,65.68,"Tier 2 - Medium Priority"
355,Company_0355,Energy,India,Large,2500,30285899.63,21.35,3507966.30,77.80,47.42,65.65,"Tier 2 - Medium Priority"
217,Company_0217,Energy,Singapore,Startup,2406,36804729.21,19.59,2166610.08,72.05,55.65,65.49,"Tier 2 - Medium Priority"
388,Company_0388,Education,"United Kingdom",Enterprise,2299,45543101.41,30.09,3851283.05,82.60,39.49,65.36,"Tier 2 - Medium Priority"
160,Company_0160,Finance,Australia,Small,1205,29869496.83,16.61,3758229.64,72.23,55.02,65.35,"Tier 2 - Medium Priority"
413,Company_0413,Manufacturing,Singapore,Medium,4304,72276160.94,27.90,4416769.84,71.82,55.65,65.35,"Tier 2 - Medium Priority"
29,Company_0029,SaaS,India,Startup,3551,49795881.20,11.44,6655737.89,77.17,47.42,65.27,"Tier 2 - Medium Priority"
183,Company_0183,Telecommunications,"United Kingdom",Startup,3547,38970220.86,10.21,4459773.57,82.45,39.49,65.27,"Tier 2 - Medium Priority"
434,Company_0434,Healthcare,Australia,Large,4226,37324710.27,6.95,4792894.18,72.11,55.02,65.27,"Tier 2 - Medium Priority"
473,Company_0473,SaaS,Singapore,Startup,3622,57611478.59,4.05,3585014.78,71.30,55.65,65.04,"Tier 2 - Medium Priority"
448,Company_0448,Healthcare,"New Zealand",Enterprise,3201,44915403.80,28.57,5903074.69,78.39,44.75,64.93,"Tier 3 - Low Priority"
477,Company_0477,Retail,Singapore,Startup,3698,40452209.50,34.37,5932712.36,71.06,55.65,64.90,"Tier 3 - Low Priority"
302,Company_0302,Energy,"New Zealand",Small,2464,39106307.41,23.76,3163518.96,78.29,44.75,64.87,"Tier 3 - Low Priority"
373,Company_0373,Healthcare,Singapore,Large,1541,25077299.64,16.50,3518328.08,70.95,55.65,64.83,"Tier 3 - Low Priority"
369,Company_0369,Manufacturing,Canada,Enterprise,2169,42082773.76,14.58,6140296.17,80.79,40.66,64.74,"Tier 3 - Low Priority"
472,Company_0472,Education,Australia,Medium,3194,35590680.51,30.42,2645391.21,70.94,55.02,64.57,"Tier 3 - Low Priority"
145,Company_0145,Energy,Singapore,Small,3008,61513949.09,-1.39,4023827.59,70.15,55.65,64.35,"Tier 3 - Low Priority"
376,Company_0376,Finance,Australia,Small,4048,60986024.03,28.60,5406041.54,70.44,55.02,64.27,"Tier 3 - Low Priority"
178,Company_0178,"Professional Services",Australia,Startup,4669,84676069.47,30.33,4121149.45,69.09,55.02,63.46,"Tier 3 - Low Priority"
190,Company_0190,Finance,Singapore,Large,2116,24024261.29,19.10,2912361.15,68.46,55.65,63.34,"Tier 3 - Low Priority"
89,Company_0089,Retail,India,Medium,3588,79070507.57,18.70,5430289.66,73.93,47.42,63.33,"Tier 3 - Low Priority"
321,Company_0321,Manufacturing,UAE,Large,1904,27526653.83,28.33,2475091.50,60.12,67.91,63.24,"Tier 3 - Low Priority"
77,Company_0077,"Professional Services",Australia,Startup,1065,26275971.40,16.36,3647931.56,68.56,55.02,63.14,"Tier 3 - Low Priority"
159,Company_0159,"Professional Services",Australia,Medium,1789,39039380.31,4.32,4798885.74,68.08,55.02,62.86,"Tier 3 - Low Priority"
362,Company_0362,Education,"United Kingdom",Large,2873,38217036.29,13.21,2095213.82,78.02,39.49,62.61,"Tier 3 - Low Priority"
120,Company_0120,Education,India,Startup,2207,38262171.64,32.11,3159457.94,72.23,47.42,62.31,"Tier 3 - Low Priority"
425,Company_0425,Telecommunications,"New Zealand",Large,3102,69587481.76,24.09,2955650.51,74.00,44.75,62.30,"Tier 3 - Low Priority"
198,Company_0198,"Professional Services",Australia,Medium,3074,72561540.73,10.50,8920409.22,67.04,55.02,62.23,"Tier 3 - Low Priority"
185,Company_0185,Finance,Canada,Startup,3536,62756201.62,23.38,5028232.41,76.59,40.66,62.22,"Tier 3 - Low Priority"
406,Company_0406,Manufacturing,Singapore,Large,2612,26756567.84,29.43,2627646.05,66.56,55.65,62.20,"Tier 3 - Low Priority"
206,Company_0206,Education,"New Zealand",Medium,1936,33063374.96,7.38,4200201.36,73.82,44.75,62.19,"Tier 3 - Low Priority"
189,Company_0189,Retail,India,Small,2896,58978328.13,27.76,7537692.24,71.99,47.42,62.16,"Tier 3 - Low Priority"
243,Company_0243,Telecommunications,Singapore,Medium,3564,58979511.09,29.73,7653588.13,66.36,55.65,62.08,"Tier 3 - Low Priority"
73,Company_0073,Energy,Canada,Enterprise,3359,45766320.07,13.64,1714950.29,76.35,40.66,62.07,"Tier 3 - Low Priority"
390,Company_0390,Education,UAE,Medium,4398,64919624.60,33.73,8373444.69,58.12,67.91,62.04,"Tier 3 - Low Priority"
351,Company_0351,Retail,"United Kingdom",Large,2407,49326324.16,20.32,7208133.20,76.70,39.49,61.82,"Tier 3 - Low Priority"
53,Company_0053,Retail,Canada,Medium,2520,55311778.56,29.85,3138989.10,75.88,40.66,61.79,"Tier 3 - Low Priority"
275,Company_0275,Logistics,Singapore,Startup,1772,20263096.65,16.54,2876607.40,65.67,55.65,61.66,"Tier 3 - Low Priority"
48,Company_0048,Manufacturing,Australia,Medium,4791,83329511.55,12.19,2918154.74,66.05,55.02,61.64,"Tier 3 - Low Priority"
309,Company_0309,Energy,"United Kingdom",Large,4080,35891880.96,8.78,3847535.27,76.36,39.49,61.61,"Tier 3 - Low Priority"
54,Company_0054,Telecommunications,Canada,Enterprise,2302,52241588.03,33.68,3317079.59,75.35,40.66,61.47,"Tier 3 - Low Priority"
39,Company_0039,Healthcare,UAE,Large,1693,32819383.28,7.57,2030658.04,57.02,67.91,61.38,"Tier 3 - Low Priority"
312,Company_0312,Manufacturing,India,Large,4585,77990211.94,10.54,4726166.09,70.61,47.42,61.33,"Tier 3 - Low Priority"
303,Company_0303,Finance,Australia,Large,3793,52664725.87,6.03,7504156.94,65.42,55.02,61.26,"Tier 3 - Low Priority"
83,Company_0083,Healthcare,UAE,Startup,1394,25510445.03,33.55,2964386.86,56.47,67.91,61.05,"Tier 3 - Low Priority"
393,Company_0393,Healthcare,UAE,Small,3759,30115194.05,33.32,1634598.07,56.40,67.91,61.00,"Tier 3 - Low Priority"
324,Company_0324,Healthcare,Australia,Small,3398,35126335.75,20.23,1340285.84,64.93,55.02,60.97,"Tier 3 - Low Priority"
174,Company_0174,Energy,Australia,Enterprise,4576,65201309.25,25.50,6447887.91,64.75,55.02,60.86,"Tier 3 - Low Priority"
84,Company_0084,Energy,Canada,Small,4760,40157898.19,7.48,4468838.15,74.29,40.66,60.84,"Tier 3 - Low Priority"
422,Company_0422,Logistics,"New Zealand",Large,4550,71729316.71,9.76,4661789.49,71.37,44.75,60.72,"Tier 3 - Low Priority"
30,Company_0030,Retail,"New Zealand",Enterprise,3318,67619615.67,27.02,2915236.07,71.31,44.75,60.69,"Tier 3 - Low Priority"
283,Company_0283,Education,UAE,Small,4315,70750945.59,32.54,9348122.12,55.74,67.91,60.61,"Tier 3 - Low Priority"
319,Company_0319,Healthcare,Australia,Medium,3056,40704924.72,-3.17,5441848.75,64.12,55.02,60.48,"Tier 3 - Low Priority"
58,Company_0058,Manufacturing,India,Medium,3553,32650488.17,21.57,2273257.73,68.50,47.42,60.07,"Tier 3 - Low Priority"
403,Company_0403,SaaS,UAE,Small,4943,89963261.09,19.30,11108335.86,54.47,67.91,59.85,"Tier 3 - Low Priority"
457,Company_0457,SaaS,Canada,Enterprise,2533,51870557.55,6.78,2662256.09,72.55,40.66,59.79,"Tier 3 - Low Priority"
132,Company_0132,Manufacturing,Canada,Medium,2191,30138390.28,22.71,3254355.39,72.34,40.66,59.67,"Tier 3 - Low Priority"
285,Company_0285,Energy,Canada,Enterprise,2436,43000955.98,25.29,2195602.57,72.34,40.66,59.67,"Tier 3 - Low Priority"
21,Company_0021,Logistics,"New Zealand",Startup,2675,43619344.57,-0.53,3208538.32,69.31,44.75,59.49,"Tier 3 - Low Priority"
55,Company_0055,Healthcare,UAE,Startup,2732,65477929.75,-0.39,9589116.66,53.88,67.91,59.49,"Tier 3 - Low Priority"
38,Company_0038,Energy,"United Kingdom",Medium,4686,57102007.04,18.78,5957211.49,72.79,39.49,59.47,"Tier 3 - Low Priority"
427,Company_0427,Manufacturing,Germany,Startup,1916,44554447.54,15.79,5083735.05,84.42,21.91,59.42,"Tier 3 - Low Priority"
75,Company_0075,Telecommunications,"New Zealand",Large,3214,72342689.12,33.14,5807855.84,69.02,44.75,59.31,"Tier 3 - Low Priority"
315,Company_0315,SaaS,"New Zealand",Small,1731,39434007.03,8.32,5711715.09,68.88,44.75,59.23,"Tier 3 - Low Priority"
149,Company_0149,Logistics,Canada,Medium,3252,26785478.93,16.46,2265363.76,71.56,40.66,59.20,"Tier 3 - Low Priority"
258,Company_0258,Manufacturing,UAE,Startup,3017,26456437.17,-2.95,2577333.83,52.93,67.91,58.92,"Tier 3 - Low Priority"
131,Company_0131,Healthcare,India,Large,3763,31085801.19,0.77,4181411.94,66.54,47.42,58.89,"Tier 3 - Low Priority"
101,Company_0101,"Professional Services",Australia,Small,3933,39091980.32,-2.39,3479561.03,61.46,55.02,58.88,"Tier 3 - Low Priority"
186,Company_0186,Manufacturing,India,Large,2680,29270542.11,32.90,2494190.55,66.44,47.42,58.83,"Tier 3 - Low Priority"
428,Company_0428,Finance,Australia,Large,4777,45977713.03,0.34,5903333.62,61.29,55.02,58.78,"Tier 3 - Low Priority"
408,Company_0408,Energy,Canada,Startup,4170,53669120.15,23.51,6550487.86,70.82,40.66,58.76,"Tier 3 - Low Priority"
202,Company_0202,Retail,"United Kingdom",Large,4185,59222259.91,9.50,3057737.12,71.39,39.49,58.63,"Tier 3 - Low Priority"
279,Company_0279,"Professional Services","New Zealand",Enterprise,2651,34070813.19,-2.63,4165054.67,67.73,44.75,58.54,"Tier 3 - Low Priority"
356,Company_0356,Energy,Australia,Medium,4918,79410896.31,11.03,7209994.58,60.87,55.02,58.53,"Tier 3 - Low Priority"
96,Company_0096,Manufacturing,India,Enterprise,2239,29582990.92,4.22,3448019.47,65.92,47.42,58.52,"Tier 3 - Low Priority"
44,Company_0044,Manufacturing,"New Zealand",Medium,4552,48445181.05,6.27,2677834.44,67.38,44.75,58.33,"Tier 3 - Low Priority"
231,Company_0231,Retail,"United Kingdom",Medium,4997,97578971.59,12.53,4405456.66,70.84,39.49,58.30,"Tier 3 - Low Priority"
476,Company_0476,SaaS,Singapore,Startup,1950,31388094.62,-1.84,4342017.58,60.02,55.65,58.27,"Tier 3 - Low Priority"
447,Company_0447,SaaS,"New Zealand",Enterprise,1995,24999263.24,27.65,3501675.25,67.26,44.75,58.26,"Tier 3 - Low Priority"
76,Company_0076,Energy,Singapore,Large,1817,22966698.85,14.43,1760692.92,59.80,55.65,58.14,"Tier 3 - Low Priority"
426,Company_0426,Logistics,India,Startup,4050,98577591.44,33.90,4641507.97,65.29,47.42,58.14,"Tier 3 - Low Priority"
251,Company_0251,Healthcare,"United Kingdom",Enterprise,2635,53968478.02,29.43,7935789.20,70.42,39.49,58.05,"Tier 3 - Low Priority"
40,Company_0040,"Professional Services",India,Startup,2610,62100543.38,32.43,1932435.69,64.81,47.42,57.85,"Tier 3 - Low Priority"
262,Company_0262,Manufacturing,"United Kingdom",Small,4274,67395874.74,19.25,6191031.41,69.98,39.49,57.78,"Tier 3 - Low Priority"
311,Company_0311,SaaS,Canada,Large,2483,56061673.22,0.77,4796806.02,69.14,40.66,57.75,"Tier 3 - Low Priority"
22,Company_0022,Education,India,Enterprise,1993,45691843.23,32.88,1840394.99,64.58,47.42,57.72,"Tier 3 - Low Priority"
10,Company_0010,Telecommunications,"New Zealand",Medium,2025,21825130.85,10.18,3246331.12,66.21,44.75,57.63,"Tier 3 - Low Priority"
468,Company_0468,SaaS,Canada,Enterprise,4444,55592222.79,6.26,3252467.15,68.84,40.66,57.57,"Tier 3 - Low Priority"
261,Company_0261,Healthcare,"United Kingdom",Large,4955,82525935.15,15.00,2924422.24,69.41,39.49,57.44,"Tier 3 - Low Priority"
233,Company_0233,Energy,"United Kingdom",Medium,3656,76675226.09,17.96,7171831.52,69.14,39.49,57.28,"Tier 3 - Low Priority"
36,Company_0036,Education,Singapore,Startup,4461,40310839.35,7.54,1451878.74,58.23,55.65,57.20,"Tier 3 - Low Priority"
219,Company_0219,SaaS,"United Kingdom",Startup,3871,33832869.92,10.48,2530573.03,68.87,39.49,57.12,"Tier 3 - Low Priority"
181,Company_0181,SaaS,"New Zealand",Medium,2546,22333754.29,10.81,2276233.79,64.80,44.75,56.78,"Tier 3 - Low Priority"
109,Company_0109,Healthcare,India,Startup,4481,52973309.49,0.96,3277771.02,62.99,47.42,56.76,"Tier 3 - Low Priority"
220,Company_0220,"Professional Services","United Kingdom",Small,2844,34409956.19,21.28,1460346.98,68.21,39.49,56.72,"Tier 3 - Low Priority"
147,Company_0147,Logistics,"United Kingdom",Startup,2125,50020018.45,32.77,7307228.87,67.97,39.49,56.58,"Tier 3 - Low Priority"
489,Company_0489,SaaS,"New Zealand",Startup,4678,39726131.32,2.71,5162474.01,64.36,44.75,56.52,"Tier 3 - Low Priority"
462,Company_0462,Energy,Germany,Large,3181,49145630.58,11.79,2455345.84,79.46,21.91,56.44,"Tier 3 - Low Priority"
254,Company_0254,Healthcare,Germany,Enterprise,2702,64506943.02,23.85,3404682.40,78.98,21.91,56.15,"Tier 3 - Low Priority"
387,Company_0387,Finance,Canada,Enterprise,2221,41472328.67,10.01,1619990.15,66.48,40.66,56.15,"Tier 3 - Low Priority"
452,Company_0452,Healthcare,"United Kingdom",Startup,2737,64604791.63,3.06,2949773.74,67.14,39.49,56.08,"Tier 3 - Low Priority"
341,Company_0341,Manufacturing,UAE,Startup,2974,29179001.30,-4.79,1954762.42,47.82,67.91,55.86,"Tier 3 - Low Priority"
353,Company_0353,Education,"New Zealand",Large,4489,49642785.38,25.70,1649626.43,63.27,44.75,55.86,"Tier 3 - Low Priority"
41,Company_0041,Finance,"New Zealand",Medium,4424,51422909.52,5.61,7301596.79,63.16,44.75,55.80,"Tier 3 - Low Priority"
443,Company_0443,Telecommunications,Australia,Large,1653,31283178.62,26.89,1873791.41,56.18,55.02,55.72,"Tier 3 - Low Priority"
306,Company_0306,"Professional Services","United Kingdom",Small,2389,28622001.70,31.66,2837391.77,66.41,39.49,55.64,"Tier 3 - Low Priority"
317,Company_0317,Telecommunications,"United Kingdom",Medium,1980,34422988.99,26.02,2605111.47,66.39,39.49,55.63,"Tier 3 - Low Priority"
419,Company_0419,Finance,"United Kingdom",Startup,2656,32457579.25,31.63,2219845.79,66.33,39.49,55.59,"Tier 3 - Low Priority"
67,Company_0067,Telecommunications,"New Zealand",Startup,1460,31638006.63,22.84,2712832.08,62.79,44.75,55.57,"Tier 3 - Low Priority"
49,Company_0049,Telecommunications,Canada,Enterprise,1740,34095532.64,21.68,2469929.35,65.50,40.66,55.56,"Tier 3 - Low Priority"
294,Company_0294,"Professional Services",Germany,Startup,2707,60978591.57,12.67,6807371.20,77.34,21.91,55.17,"Tier 3 - Low Priority"
420,Company_0420,Telecommunications,Australia,Large,4132,80353091.65,-2.89,4562625.91,55.27,55.02,55.17,"Tier 3 - Low Priority"
357,Company_0357,Retail,"United Kingdom",Small,4418,79943440.67,31.58,3447507.40,65.49,39.49,55.09,"Tier 3 - Low Priority"
167,Company_0167,Finance,India,Enterprise,4913,83616637.62,13.15,8583349.44,60.17,47.42,55.07,"Tier 3 - Low Priority"
397,Company_0397,Healthcare,Germany,Startup,2834,62038678.70,34.53,5005136.17,76.97,21.91,54.95,"Tier 3 - Low Priority"
195,Company_0195,Healthcare,Australia,Large,4703,89739056.34,7.86,7814071.71,54.39,55.02,54.64,"Tier 3 - Low Priority"
192,Company_0192,Logistics,Australia,Medium,1256,19437815.65,13.76,2055864.18,54.29,55.02,54.58,"Tier 3 - Low Priority"
335,Company_0335,Telecommunications,"United Kingdom",Large,1350,23742840.68,17.67,3132466.36,64.55,39.49,54.53,"Tier 3 - Low Priority"
57,Company_0057,Telecommunications,"New Zealand",Medium,4743,53270241.67,-3.22,4385573.96,61.03,44.75,54.52,"Tier 3 - Low Priority"
265,Company_0265,SaaS,Germany,Medium,2540,54723872.87,24.01,6160005.78,76.15,21.91,54.45,"Tier 3 - Low Priority"
252,Company_0252,Education,"New Zealand",Small,4621,45309491.27,4.67,2025453.38,60.77,44.75,54.36,"Tier 3 - Low Priority"
313,Company_0313,Logistics,Canada,Enterprise,3059,29280405.21,23.98,1547697.63,63.27,40.66,54.23,"Tier 3 - Low Priority"
146,Company_0146,Telecommunications,UAE,Small,1102,23550531.00,30.06,1740452.62,45.06,67.91,54.20,"Tier 3 - Low Priority"
322,Company_0322,Healthcare,Germany,Small,4038,63938067.43,24.31,4620237.65,75.40,21.91,54.00,"Tier 3 - Low Priority"
164,Company_0164,Education,Canada,Large,2490,39308939.96,33.56,1466186.07,62.55,40.66,53.79,"Tier 3 - Low Priority"
445,Company_0445,Logistics,Australia,Large,2235,24712104.12,7.76,1390857.09,52.97,55.02,53.79,"Tier 3 - Low Priority"
180,Company_0180,"Professional Services",Germany,Enterprise,4217,41895463.34,12.20,2680872.95,75.03,21.91,53.78,"Tier 3 - Low Priority"
268,Company_0268,"Professional Services",Germany,Startup,3450,36481443.29,22.62,2890982.52,74.99,21.91,53.76,"Tier 3 - Low Priority"
121,Company_0121,Energy,India,Small,1980,39731289.89,7.43,1257135.19,57.44,47.42,53.43,"Tier 3 - Low Priority"
25,Company_0025,SaaS,"New Zealand",Enterprise,4259,66760951.10,4.92,2515760.10,58.95,44.75,53.27,"Tier 3 - Low Priority"
70,Company_0070,Telecommunications,Germany,Small,2143,44531980.11,28.59,2817866.24,73.74,21.91,53.01,"Tier 3 - Low Priority"
97,Company_0097,"Professional Services",UAE,Startup,1536,17289517.89,24.54,1092350.97,43.04,67.91,52.99,"Tier 3 - Low Priority"
92,Company_0092,Retail,India,Small,4903,97668366.77,6.05,3049024.14,56.58,47.42,52.92,"Tier 3 - Low Priority"
441,Company_0441,Retail,UAE,Large,3673,84545865.43,-3.61,8818234.02,42.66,67.91,52.76,"Tier 3 - Low Priority"
140,Company_0140,Education,India,Small,3762,84156567.23,2.97,6409632.61,56.15,47.42,52.66,"Tier 3 - Low Priority"
470,Company_0470,Logistics,India,Large,4936,79793316.49,-1.12,4375415.28,56.01,47.42,52.57,"Tier 3 - Low Priority"
314,Company_0314,"Professional Services","New Zealand",Large,4959,43005977.46,-2.09,5442753.68,57.74,44.75,52.54,"Tier 3 - Low Priority"
273,Company_0273,Manufacturing,Singapore,Medium,4717,91993661.27,10.19,13580036.61,50.33,55.65,52.46,"Tier 3 - Low Priority"
320,Company_0320,Healthcare,"New Zealand",Medium,4552,108751332.44,18.17,8712000.60,57.55,44.75,52.43,"Tier 3 - Low Priority"
43,Company_0043,Logistics,India,Startup,2472,58932115.80,-0.86,7977949.07,55.59,47.42,52.32,"Tier 3 - Low Priority"
381,Company_0381,Energy,Singapore,Enterprise,4836,95343050.46,29.44,9842398.13,50.04,55.65,52.28,"Tier 3 - Low Priority"
263,Company_0263,Manufacturing,Germany,Enterprise,3239,80458274.36,24.57,5302853.69,72.48,21.91,52.25,"Tier 3 - Low Priority"
17,Company_0017,Logistics,Canada,Small,4418,91739428.02,25.74,6497083.24,59.91,40.66,52.21,"Tier 3 - Low Priority"
5,Company_0005,SaaS,Germany,Enterprise,3132,30205566.77,28.90,3094473.44,72.27,21.91,52.13,"Tier 3 - Low Priority"
207,Company_0207,Energy,Canada,Small,4692,116058855.69,13.47,7406018.25,59.70,40.66,52.08,"Tier 3 - Low Priority"
394,Company_0394,Healthcare,Australia,Large,2264,21704469.32,9.42,865801.35,49.96,55.02,51.98,"Tier 3 - Low Priority"
375,Company_0375,Telecommunications,Germany,Large,3989,41170828.61,27.61,5996921.93,71.98,21.91,51.95,"Tier 3 - Low Priority"
110,Company_0110,Logistics,Germany,Startup,1379,29613591.48,18.80,3817453.61,71.89,21.91,51.90,"Tier 3 - Low Priority"
13,Company_0013,"Professional Services",Canada,Enterprise,2189,22708063.08,24.80,2149937.53,59.18,40.66,51.77,"Tier 3 - Low Priority"
232,Company_0232,Education,"United Kingdom",Medium,3156,76188809.49,-3.70,3688496.80,59.94,39.49,51.76,"Tier 3 - Low Priority"
371,Company_0371,Logistics,India,Small,4854,45825562.95,0.36,2022896.08,54.65,47.42,51.76,"Tier 3 - Low Priority"
95,Company_0095,Manufacturing,"United Kingdom",Large,4554,77534914.07,12.02,9266372.22,59.87,39.49,51.72,"Tier 3 - Low Priority"
269,Company_0269,Education,Canada,Medium,1151,19357074.40,17.44,2899200.87,58.99,40.66,51.66,"Tier 3 - Low Priority"
456,Company_0456,Retail,Singapore,Large,4623,91491605.26,32.15,11385125.25,48.66,55.65,51.46,"Tier 3 - Low Priority"
374,Company_0374,SaaS,"United Kingdom",Startup,2386,24778708.06,7.58,2084387.81,59.11,39.49,51.26,"Tier 3 - Low Priority"
45,Company_0045,Finance,Canada,Medium,4160,67828972.58,31.21,8921710.65,58.11,40.66,51.13,"Tier 3 - Low Priority"
409,Company_0409,Finance,"New Zealand",Small,4415,75673722.90,1.11,3029343.90,55.05,44.75,50.93,"Tier 3 - Low Priority"
323,Company_0323,Finance,Australia,Startup,4461,110791166.37,33.29,10289544.54,47.85,55.02,50.72,"Tier 3 - Low Priority"
264,Company_0264,Finance,Canada,Enterprise,2475,39781106.14,-4.33,2774682.48,57.39,40.66,50.70,"Tier 3 - Low Priority"
2,Company_0002,"Professional Services",Australia,Enterprise,3476,29686102.10,-1.25,1719398.47,47.52,55.02,50.52,"Tier 3 - Low Priority"
91,Company_0091,Logistics,"United Kingdom",Medium,4069,91414960.55,2.27,5069360.14,57.82,39.49,50.49,"Tier 3 - Low Priority"
401,Company_0401,Finance,Canada,Medium,3644,82424958.47,-1.53,3466448.68,56.96,40.66,50.44,"Tier 3 - Low Priority"
130,Company_0130,Education,India,Enterprise,1054,17432052.83,18.61,2342241.00,51.97,47.42,50.15,"Tier 3 - Low Priority"
69,Company_0069,Healthcare,Germany,Large,4155,63382833.36,31.27,5293077.18,68.84,21.91,50.07,"Tier 3 - Low Priority"
87,Company_0087,Education,Singapore,Large,3461,76071484.23,-0.78,11052768.88,46.25,55.65,50.01,"Tier 3 - Low Priority"
266,Company_0266,Healthcare,Canada,Small,4758,84786535.74,23.86,8480586.13,56.25,40.66,50.01,"Tier 3 - Low Priority"
494,Company_0494,Retail,"New Zealand",Medium,4707,100057227.58,3.57,5659449.84,53.47,44.75,49.98,"Do Not Prioritize"
229,Company_0229,Manufacturing,Canada,Medium,3656,51097348.14,-3.31,6867711.54,56.12,40.66,49.94,"Do Not Prioritize"
168,Company_0168,Education,Canada,Large,1781,27269227.62,30.52,2172202.00,55.94,40.66,49.83,"Do Not Prioritize"
290,Company_0290,Healthcare,Germany,Enterprise,3030,55899356.83,3.77,2572949.79,68.09,21.91,49.62,"Do Not Prioritize"
187,Company_0187,Energy,UAE,Medium,887,10764969.12,18.55,999801.95,37.24,67.91,49.51,"Do Not Prioritize"
245,Company_0245,Logistics,India,Enterprise,2072,23490538.81,33.25,1478356.48,50.58,47.42,49.32,"Do Not Prioritize"
234,Company_0234,Telecommunications,Canada,Enterprise,2064,50214727.59,-3.96,2627524.08,54.92,40.66,49.22,"Do Not Prioritize"
316,Company_0316,"Professional Services","New Zealand",Large,981,20303704.88,25.17,2837096.69,52.19,44.75,49.21,"Do Not Prioritize"
495,Company_0495,SaaS,Germany,Small,3374,56432785.01,29.59,8242380.86,67.27,21.91,49.13,"Do Not Prioritize"
467,Company_0467,Retail,Canada,Enterprise,3576,38158652.83,-0.95,2085983.10,54.56,40.66,49.00,"Do Not Prioritize"
31,Company_0031,Finance,Germany,Enterprise,3695,38365550.99,2.34,3280844.22,66.99,21.91,48.96,"Do Not Prioritize"
365,Company_0365,Education,"New Zealand",Large,1449,25187206.17,8.24,2044302.61,51.76,44.75,48.96,"Do Not Prioritize"
439,Company_0439,Energy,Germany,Startup,3796,33635752.12,31.97,2757417.43,66.64,21.91,48.75,"Do Not Prioritize"
65,Company_0065,Energy,Germany,Large,3415,78764678.25,18.03,9152574.54,66.32,21.91,48.56,"Do Not Prioritize"
135,Company_0135,Logistics,"United Kingdom",Medium,2473,57764850.99,-3.16,7251638.57,54.55,39.49,48.53,"Do Not Prioritize"
82,Company_0082,Education,UAE,Medium,1054,16917267.09,-0.42,2431533.05,35.36,67.91,48.38,"Do Not Prioritize"
455,Company_0455,Education,"United Kingdom",Small,1137,27958410.92,24.29,2304449.82,54.24,39.49,48.34,"Do Not Prioritize"
278,Company_0278,Education,"New Zealand",Medium,1313,19586581.23,32.40,2652178.90,50.63,44.75,48.28,"Do Not Prioritize"
466,Company_0466,Energy,Singapore,Enterprise,4886,120927003.43,30.73,13851046.40,43.23,55.65,48.20,"Do Not Prioritize"
126,Company_0126,Telecommunications,Germany,Medium,4770,119160990.20,14.59,5699642.97,65.67,21.91,48.17,"Do Not Prioritize"
128,Company_0128,Manufacturing,Germany,Large,4704,68257412.85,29.24,5412335.82,65.68,21.91,48.17,"Do Not Prioritize"
6,Company_0006,"Professional Services","United Kingdom",Enterprise,1042,25573772.64,10.14,2461344.57,53.94,39.49,48.16,"Do Not Prioritize"
24,Company_0024,Energy,"United Kingdom",Large,4437,92464898.52,22.59,10684677.49,53.91,39.49,48.14,"Do Not Prioritize"
175,Company_0175,Manufacturing,"United Kingdom",Startup,2210,18767771.01,5.93,2280080.40,53.60,39.49,47.96,"Do Not Prioritize"
396,Company_0396,Education,Australia,Startup,1768,28474902.42,0.31,1627138.60,42.91,55.02,47.75,"Do Not Prioritize"
194,Company_0194,Telecommunications,Australia,Large,759,14007453.24,15.28,1197993.03,42.81,55.02,47.69,"Do Not Prioritize"
209,Company_0209,Finance,Singapore,Medium,860,17280682.29,15.64,776962.50,41.97,55.65,47.44,"Do Not Prioritize"
499,Company_0499,Manufacturing,UAE,Medium,905,14651545.57,8.45,925655.20,33.52,67.91,47.28,"Do Not Prioritize"
398,Company_0398,Manufacturing,"United Kingdom",Medium,1895,27500597.66,24.23,1163034.94,52.33,39.49,47.19,"Do Not Prioritize"
112,Company_0112,"Professional Services",UAE,Startup,678,12316970.57,30.58,1455177.04,33.08,67.91,47.01,"Do Not Prioritize"
246,Company_0246,"Professional Services","United Kingdom",Enterprise,1401,25303101.74,18.23,1278921.87,51.85,39.49,46.91,"Do Not Prioritize"
188,Company_0188,Finance,"New Zealand",Medium,1835,25070075.68,1.73,2287844.82,48.30,44.75,46.88,"Do Not Prioritize"
223,Company_0223,Energy,Germany,Medium,1654,38138654.06,7.62,2563264.84,63.47,21.91,46.85,"Do Not Prioritize"
144,Company_0144,Education,Australia,Enterprise,815,19036658.32,20.85,1276825.72,41.26,55.02,46.76,"Do Not Prioritize"
4,Company_0004,Manufacturing,India,Startup,1327,26365326.61,8.61,1282871.93,46.30,47.42,46.75,"Do Not Prioritize"
129,Company_0129,Healthcare,Germany,Startup,3182,78923267.02,26.70,8542834.38,63.29,21.91,46.74,"Do Not Prioritize"
282,Company_0282,Logistics,Germany,Enterprise,2464,43502786.75,-0.71,6436640.42,63.19,21.91,46.68,"Do Not Prioritize"
329,Company_0329,Retail,UAE,Startup,667,9566031.90,11.24,935560.43,32.43,67.91,46.62,"Do Not Prioritize"
415,Company_0415,SaaS,Germany,Enterprise,4743,88542599.85,14.85,8083392.66,63.04,21.91,46.59,"Do Not Prioritize"
26,Company_0026,Finance,Australia,Medium,1824,14814973.54,23.31,549114.80,40.93,55.02,46.57,"Do Not Prioritize"
334,Company_0334,Energy,India,Medium,2596,21459023.06,3.29,1015075.90,45.78,47.42,46.44,"Do Not Prioritize"
469,Company_0469,Energy,India,Medium,4522,100738975.21,1.14,7384113.55,45.72,47.42,46.40,"Do Not Prioritize"
225,Company_0225,Education,Canada,Medium,1039,22430785.01,12.48,1749659.84,50.12,40.66,46.34,"Do Not Prioritize"
301,Company_0301,Retail,Australia,Startup,991,10934745.23,16.49,1021973.37,40.46,55.02,46.28,"Do Not Prioritize"
157,Company_0157,Retail,Australia,Startup,1020,24615847.07,27.97,1009269.69,40.38,55.02,46.24,"Do Not Prioritize"
490,Company_0490,Manufacturing,Germany,Enterprise,3759,33302889.78,9.42,1794798.39,62.42,21.91,46.22,"Do Not Prioritize"
276,Company_0276,Retail,"New Zealand",Startup,4827,58251247.05,-2.97,8074910.36,46.30,44.75,45.68,"Do Not Prioritize"
438,Company_0438,Manufacturing,India,Startup,3652,79460498.34,-1.32,10462806.34,44.43,47.42,45.63,"Do Not Prioritize"
236,Company_0236,Education,India,Medium,1659,16730743.21,29.11,1409483.51,44.15,47.42,45.46,"Do Not Prioritize"
488,Company_0488,Energy,Singapore,Enterprise,4241,90992082.80,-2.38,10477586.18,38.44,55.65,45.32,"Do Not Prioritize"
122,Company_0122,Education,UAE,Enterprise,949,15036538.88,-0.30,1952602.55,30.11,67.91,45.23,"Do Not Prioritize"
150,Company_0150,Telecommunications,"United Kingdom",Enterprise,907,17661304.85,13.86,1842879.88,48.89,39.49,45.13,"Do Not Prioritize"
483,Company_0483,Energy,"United Kingdom",Small,1198,22175167.25,22.23,1734239.73,48.69,39.49,45.01,"Do Not Prioritize"
56,Company_0056,Energy,India,Large,908,16472673.89,8.83,2048729.21,43.17,47.42,44.87,"Do Not Prioritize"
284,Company_0284,Healthcare,Australia,Medium,942,12831575.13,24.24,1383169.90,37.75,55.02,44.66,"Do Not Prioritize"
102,Company_0102,Retail,India,Enterprise,1242,27062453.80,32.97,1088498.14,42.54,47.42,44.49,"Do Not Prioritize"
218,Company_0218,Telecommunications,Australia,Large,4308,105843796.30,-2.29,9856929.34,37.25,55.02,44.36,"Do Not Prioritize"
270,Company_0270,Logistics,Germany,Small,1438,22740934.70,16.33,2172959.67,59.23,21.91,44.30,"Do Not Prioritize"
451,Company_0451,SaaS,Germany,Startup,4037,34901413.59,-2.75,3566908.22,58.90,21.91,44.10,"Do Not Prioritize"
111,Company_0111,Telecommunications,Germany,Large,3859,76051342.26,22.99,10884555.48,58.60,21.91,43.92,"Do Not Prioritize"
137,Company_0137,Education,Singapore,Small,666,12228666.01,10.30,1369318.93,35.78,55.65,43.73,"Do Not Prioritize"
498,Company_0498,Manufacturing,UAE,Medium,858,6971171.70,34.98,1017639.48,27.33,67.91,43.56,"Do Not Prioritize"
354,Company_0354,Energy,Germany,Small,2406,53249088.54,-2.23,7014744.80,57.46,21.91,43.24,"Do Not Prioritize"
411,Company_0411,Education,Australia,Medium,1974,17735207.67,-1.55,1456735.03,35.24,55.02,43.15,"Do Not Prioritize"
7,Company_0007,Logistics,India,Small,1595,31864465.34,-3.17,1827356.76,40.13,47.42,43.05,"Do Not Prioritize"
142,Company_0142,SaaS,Germany,Medium,2268,18456225.17,29.60,2277450.09,56.50,21.91,42.66,"Do Not Prioritize"
113,Company_0113,"Professional Services",Australia,Medium,768,9132837.17,21.97,1217060.37,34.34,55.02,42.61,"Do Not Prioritize"
346,Company_0346,Education,India,Medium,1215,11026782.99,12.39,888011.98,39.14,47.42,42.45,"Do Not Prioritize"
116,Company_0116,Energy,Germany,Medium,2750,37009473.47,-0.82,1824529.38,55.99,21.91,42.36,"Do Not Prioritize"
491,Company_0491,Manufacturing,Germany,Enterprise,3271,61501233.25,-0.05,2070597.88,55.81,21.91,42.25,"Do Not Prioritize"
331,Company_0331,"Professional Services",India,Enterprise,697,11498822.10,12.36,1427293.10,38.77,47.42,42.23,"Do Not Prioritize"
64,Company_0064,"Professional Services",India,Large,1651,17343783.66,-3.15,2568134.33,38.19,47.42,41.88,"Do Not Prioritize"
288,Company_0288,Retail,Australia,Startup,4791,97204613.29,-4.54,10541063.07,32.79,55.02,41.68,"Do Not Prioritize"
471,Company_0471,Logistics,India,Enterprise,966,12791779.54,10.90,1134523.62,37.77,47.42,41.63,"Do Not Prioritize"
8,Company_0008,Healthcare,"United Kingdom",Medium,847,12249437.51,13.14,1593569.15,42.70,39.49,41.42,"Do Not Prioritize"
417,Company_0417,SaaS,Germany,Medium,4188,33686867.36,29.35,1060279.62,53.44,21.91,40.83,"Do Not Prioritize"
205,Company_0205,Education,UAE,Large,377,5649192.84,22.05,330498.25,22.59,67.91,40.72,"Do Not Prioritize"
23,Company_0023,Logistics,Canada,Small,1050,10691787.64,14.01,1026159.62,40.65,40.66,40.65,"Do Not Prioritize"
295,Company_0295,Energy,Germany,Enterprise,4200,65407464.22,-2.77,2997841.29,52.99,21.91,40.56,"Do Not Prioritize"
277,Company_0277,Healthcare,Australia,Enterprise,840,12621943.51,23.69,530946.96,30.86,55.02,40.52,"Do Not Prioritize"
105,Company_0105,Finance,Singapore,Small,832,20058715.79,3.31,1109708.80,30.41,55.65,40.51,"Do Not Prioritize"
139,Company_0139,Logistics,Canada,Medium,1314,12161927.13,32.81,1806267.57,40.39,40.66,40.50,"Do Not Prioritize"
148,Company_0148,Energy,"United Kingdom",Startup,3856,93967581.13,0.63,13717389.86,40.87,39.49,40.32,"Do Not Prioritize"
416,Company_0416,"Professional Services",India,Small,1387,19765710.11,5.20,837049.95,35.57,47.42,40.31,"Do Not Prioritize"
203,Company_0203,Finance,Australia,Medium,1592,18867161.01,0.50,740721.16,30.02,55.02,40.02,"Do Not Prioritize"
204,Company_0204,"Professional Services",Singapore,Large,1093,19841436.12,1.17,1025832.33,29.15,55.65,39.75,"Do Not Prioritize"
118,Company_0118,SaaS,Germany,Large,969,23733853.00,11.17,2177617.81,51.61,21.91,39.73,"Do Not Prioritize"
342,Company_0342,Telecommunications,Canada,Startup,1105,10479878.51,12.24,1014852.61,38.61,40.66,39.43,"Do Not Prioritize"
326,Company_0326,Telecommunications,UAE,Enterprise,148,1200636.69,17.07,37726.55,20.12,67.91,39.24,"Do Not Prioritize"
201,Company_0201,Healthcare,India,Large,714,9469704.95,10.07,1183707.77,33.06,47.42,38.80,"Do Not Prioritize"
173,Company_0173,Retail,India,Medium,868,15471765.66,3.51,1683457.39,32.68,47.42,38.58,"Do Not Prioritize"
459,Company_0459,Retail,"United Kingdom",Medium,872,20861459.85,0.63,2491717.79,37.71,39.49,38.42,"Do Not Prioritize"
333,Company_0333,Telecommunications,Australia,Small,401,9507993.72,22.38,605133.99,26.66,55.02,38.00,"Do Not Prioritize"
437,Company_0437,SaaS,India,Small,708,12672849.27,5.35,1616164.04,31.70,47.42,37.99,"Do Not Prioritize"
222,Company_0222,Logistics,"New Zealand",Startup,1124,10197725.06,26.05,866006.61,33.28,44.75,37.87,"Do Not Prioritize"
474,Company_0474,"Professional Services","New Zealand",Enterprise,722,13976764.77,27.33,1113646.23,33.07,44.75,37.74,"Do Not Prioritize"
27,Company_0027,Telecommunications,Singapore,Enterprise,600,10044392.42,6.14,886415.02,25.08,55.65,37.31,"Do Not Prioritize"
377,Company_0377,Education,Germany,Enterprise,2412,20636629.34,3.99,1333960.74,46.96,21.91,36.94,"Do Not Prioritize"
12,Company_0012,Energy,Germany,Small,4666,106843232.87,7.59,11608799.30,46.89,21.91,36.90,"Do Not Prioritize"
421,Company_0421,Logistics,"United Kingdom",Startup,584,13378769.01,29.64,1643224.53,34.52,39.49,36.51,"Do Not Prioritize"
230,Company_0230,Healthcare,Australia,Small,489,4535817.20,20.50,333824.06,24.03,55.02,36.43,"Do Not Prioritize"
308,Company_0308,Healthcare,Canada,Enterprise,519,9063923.96,18.67,1071586.52,33.55,40.66,36.39,"Do Not Prioritize"
119,Company_0119,Education,Australia,Small,464,5191651.09,9.47,627012.20,23.76,55.02,36.26,"Do Not Prioritize"
412,Company_0412,Healthcare,Germany,Medium,1458,14624514.37,23.32,1669826.37,45.77,21.91,36.23,"Do Not Prioritize"
368,Company_0368,Retail,Germany,Startup,853,18417583.68,16.48,1360970.36,45.76,21.91,36.22,"Do Not Prioritize"
239,Company_0239,Telecommunications,Singapore,Enterprise,235,3321781.62,17.89,285967.86,23.00,55.65,36.06,"Do Not Prioritize"
166,Company_0166,Telecommunications,"United Kingdom",Large,1235,11258998.49,6.00,1193107.14,33.30,39.49,35.78,"Do Not Prioritize"
85,Company_0085,Logistics,India,Enterprise,642,11598156.06,28.22,685937.28,27.64,47.42,35.55,"Do Not Prioritize"
171,Company_0171,Finance,Canada,Medium,511,9182622.17,17.46,638720.40,31.54,40.66,35.19,"Do Not Prioritize"
256,Company_0256,"Professional Services",Germany,Medium,1782,31927826.53,-3.05,2035806.36,43.46,21.91,34.84,"Do Not Prioritize"
228,Company_0228,"Professional Services",Canada,Small,860,8050607.48,21.44,537615.56,29.97,40.66,34.25,"Do Not Prioritize"
253,Company_0253,Energy,"New Zealand",Small,813,7203415.74,32.82,963094.25,27.25,44.75,34.25,"Do Not Prioritize"
200,Company_0200,Energy,Singapore,Enterprise,687,12301814.79,0.66,885466.11,19.88,55.65,34.19,"Do Not Prioritize"
240,Company_0240,Education,Canada,Large,726,6619463.12,10.93,768069.76,29.74,40.66,34.11,"Do Not Prioritize"
106,Company_0106,"Professional Services",Germany,Medium,1443,25084921.78,1.26,1982263.42,42.07,21.91,34.01,"Do Not Prioritize"
392,Company_0392,Finance,Singapore,Large,396,3838337.16,26.36,326833.69,19.48,55.65,33.95,"Do Not Prioritize"
32,Company_0032,Finance,"New Zealand",Small,822,7282921.32,34.97,949134.41,26.69,44.75,33.91,"Do Not Prioritize"
429,Company_0429,Energy,"United Kingdom",Medium,1090,13107380.24,5.44,888694.40,30.09,39.49,33.85,"Do Not Prioritize"
81,Company_0081,SaaS,Singapore,Small,349,7266865.60,32.98,391853.24,19.06,55.65,33.70,"Do Not Prioritize"
165,Company_0165,Finance,"United Kingdom",Enterprise,904,14766451.75,31.39,573217.21,29.71,39.49,33.62,"Do Not Prioritize"
267,Company_0267,SaaS,Germany,Medium,2004,17107544.25,32.93,738831.43,41.27,21.91,33.53,"Do Not Prioritize"
330,Company_0330,SaaS,Australia,Small,279,2675472.90,10.17,257712.71,19.04,55.02,33.43,"Do Not Prioritize"
385,Company_0385,Healthcare,"New Zealand",Small,505,12560494.25,29.68,568068.20,25.58,44.75,33.25,"Do Not Prioritize"
1,Company_0001,Finance,India,Enterprise,932,7852270.41,6.00,445893.44,23.41,47.42,33.01,"Do Not Prioritize"
15,Company_0015,"Professional Services",India,Large,918,9729241.63,1.40,1086345.19,22.93,47.42,32.73,"Do Not Prioritize"
34,Company_0034,Education,UAE,Large,37,915759.26,5.61,113635.17,8.98,67.91,32.55,"Do Not Prioritize"
296,Company_0296,SaaS,Canada,Medium,492,8609779.77,21.91,576686.04,27.05,40.66,32.49,"Do Not Prioritize"
358,Company_0358,Manufacturing,Canada,Startup,382,6713552.58,20.80,722440.24,26.88,40.66,32.39,"Do Not Prioritize"
280,Company_0280,Healthcare,Australia,Large,325,7645594.23,2.00,1038802.28,17.09,55.02,32.26,"Do Not Prioritize"
484,Company_0484,SaaS,"United Kingdom",Medium,423,8746686.95,31.83,1203926.91,26.73,39.49,31.83,"Do Not Prioritize"
364,Company_0364,Healthcare,"New Zealand",Enterprise,205,4599392.33,20.92,511713.30,22.59,44.75,31.45,"Do Not Prioritize"
161,Company_0161,SaaS,Singapore,Medium,141,1986706.74,26.54,199986.57,15.27,55.65,31.42,"Do Not Prioritize"
107,Company_0107,Education,India,Small,287,3425372.55,23.28,391720.49,20.32,47.42,31.16,"Do Not Prioritize"
211,Company_0211,Energy,India,Medium,238,3582672.88,10.86,268253.99,20.15,47.42,31.06,"Do Not Prioritize"
305,Company_0305,SaaS,Singapore,Enterprise,382,5668311.19,4.37,317835.28,14.39,55.65,30.89,"Do Not Prioritize"
86,Company_0086,Telecommunications,"United Kingdom",Startup,356,4949277.19,12.14,368565.27,24.31,39.49,30.38,"Do Not Prioritize"
343,Company_0343,Manufacturing,Canada,Startup,235,2238027.27,17.17,227452.83,22.71,40.66,29.89,"Do Not Prioritize"
487,Company_0487,Education,"United Kingdom",Startup,751,8407374.97,3.46,1083511.65,23.44,39.49,29.86,"Do Not Prioritize"
297,Company_0297,Manufacturing,India,Enterprise,44,909861.75,18.13,32240.75,17.98,47.42,29.76,"Do Not Prioritize"
247,Company_0247,"Professional Services",UAE,Small,357,7864358.91,-3.87,278834.12,4.30,67.91,29.74,"Do Not Prioritize"
99,Company_0099,Healthcare,Germany,Startup,392,9628701.42,17.13,1094687.90,34.39,21.91,29.40,"Do Not Prioritize"
361,Company_0361,Finance,India,Small,221,3581770.96,6.82,503115.98,16.42,47.42,28.82,"Do Not Prioritize"
338,Company_0338,Retail,"United Kingdom",Enterprise,262,4920383.61,26.34,413637.08,19.54,39.49,27.52,"Do Not Prioritize"
407,Company_0407,SaaS,Australia,Large,617,5111055.14,-2.30,314136.86,7.38,55.02,26.44,"Do Not Prioritize"
479,Company_0479,Logistics,Germany,Startup,568,5384336.97,17.25,518223.60,29.32,21.91,26.36,"Do Not Prioritize"
475,Company_0475,Telecommunications,Germany,Enterprise,519,11570353.40,27.74,928357.13,28.50,21.91,25.86,"Do Not Prioritize"
453,Company_0453,Finance,"United Kingdom",Startup,199,2091709.76,23.19,98306.84,16.76,39.49,25.85,"Do Not Prioritize"
340,Company_0340,Healthcare,Canada,Medium,622,5843469.91,1.17,674343.78,14.97,40.66,25.25,"Do Not Prioritize"
169,Company_0169,Healthcare,Germany,Startup,798,10624030.92,7.50,643675.78,27.13,21.91,25.04,"Do Not Prioritize"
436,Company_0436,Retail,Canada,Medium,117,1058660.01,26.24,59999.11,13.68,40.66,24.47,"Do Not Prioritize"
155,Company_0155,Retail,"United Kingdom",Startup,288,5683614.13,3.69,473805.98,13.83,39.49,24.09,"Do Not Prioritize"
224,Company_0224,SaaS,"United Kingdom",Medium,319,6637096.65,2.64,483425.55,13.31,39.49,23.78,"Do Not Prioritize"
348,Company_0348,"Professional Services",Canada,Medium,896,9231776.46,-4.73,715306.08,11.76,40.66,23.32,"Do Not Prioritize"
389,Company_0389,Education,"United Kingdom",Startup,40,910857.28,28.89,37506.37,11.70,39.49,22.82,"Do Not Prioritize"
359,Company_0359,Telecommunications,"New Zealand",Large,106,1025689.02,3.88,122695.34,7.44,44.75,22.36,"Do Not Prioritize"
304,Company_0304,Education,Australia,Small,148,1789516.40,-2.31,181230.23,0.54,55.02,22.33,"Do Not Prioritize"
11,Company_0011,Logistics,India,Small,478,5685244.63,-3.72,385768.67,5.15,47.42,22.06,"Do Not Prioritize"
221,Company_0221,Education,Germany,Small,383,5357819.09,8.54,574012.49,21.55,21.91,21.69,"Do Not Prioritize"
213,Company_0213,Healthcare,Germany,Large,333,4288024.27,28.19,486813.56,19.58,21.91,20.51,"Do Not Prioritize"
332,Company_0332,"Professional Services",Germany,Medium,368,4381419.21,31.05,495426.90,19.00,21.91,20.16,"Do Not Prioritize"
52,Company_0052,Retail,Germany,Medium,905,13125404.40,-3.45,1135121.76,18.65,21.91,19.95,"Do Not Prioritize"
214,Company_0214,Healthcare,Canada,Startup,63,1474173.37,-4.24,82374.70,0.00,40.66,16.26,"Do Not Prioritize"
424,Company_0424,SaaS,"United Kingdom",Startup,72,1717254.58,-4.04,163114.15,0.00,39.49,15.80,"Do Not Prioritize"
